,State,2013 Under 5 years,2014 - Under 5 years,2015 - Under 5 years,2016 - Under 5 years,2017 - Under 5 years,2013 - 5 to 9 years,2014 - 5 to 9 years,2015 - 5 to 9 years,2016 - 5 to 9 years,2017 - 5 to 9 years,2013 - 10 to 14 years,2014 - 10 to 14 years,2015 - 10 to 14 years,2016 - 10 to 14 years,2017 - 10 to 14 years,2013 - 15 to 19 years,2014 - 15 to 19 years,2015 - 15 to 19 years,2016 - 15 to 19 years,2017 - 15 to 19 years,2013 - 20 to 24 years,2014 - 20 to 24 years,2015 - 20 to 24 years,2016 - 20 to 24 years,2017 - 20 to 24 years,2013 - 25 to 29 years,2014 - 25 to 29 years,2015 - 25 to 29 years,2016 - 25 to 29 years,2017 - 25 to 29 years,2013 - 30 to 34 years,2014 - 30 to 34 years,2015 - 30 to 34 years,2016 - 30 to 34 years,2017 - 30 to 34 years,2013 - 35 to 39 years,2014 - 35 to 39 years,2015 - 35 to 39 years,2016 - 35 to 39 years,2017 - 35 to 39 years,2013 - 40 to 44 years,2014 - 40 to 44 years,2015 - 40 to 44 years,2016 - 40 to 44 years,2017 - 40 to 44 years,2013 - 45 to 49 years,2014 - 45 to 49 years,2015 - 45 to 49 years,2016 - 45 to 49 years,2017 - 45 to 49 years,2013 - 50 to 54 years,2014 - 50 to 54 years,2015 - 50 to 54 years,2016 - 50 to 54 years,2017 - 50 to 54 years,2013 - 55 to 59 years,2014 - 55 to 59 years,2015 - 55 to 59 years,2016 - 55 to 59 years,2017 - 55 to 59 years,2013 - 60 to 64 years,2014 - 60 to 64 years,2015 - 60 to 64 years,2016 - 60 to 64 years,2017 - 60 to 64 years,2013 - 65 to 69 years,2014 - 65 to 69 years,2015 - 65 to 69 years,2016 - 65 to 69 years,2017 - 65 to 69 years,2013 - 70 to 74 years,2014 - 70 to 74 years,2015 - 70 to 74 years,2016 - 70 to 74 years,2017 - 70 to 74 years,2013 - 75 to 79 years,2014 - 75 to 79 years,2015 - 75 to 79 years,2016 - 75 to 79 years,2017 - 75 to 79 years,2013 - 80 to 84 years,2014 - 80 to 84 years,2015 - 80 to 84 years,2016 - 80 to 84 years,2017 - 80 to 84 years,2013 - 85 years and over,2014 - 85 years and over,2015 - 85 years and over,2016 - 85 years and over,2017 - 85 years and over
0,Alabama,294541,293552,293904,293581,293554,306895,306281,305293,303815,301285,316772,313855,309622,306649,308459,320926,318496,319793,321050,318807,356560,354041,345830,335898,329597,311340,316332,323922,332156,338151,307713,307513,305008,302966,302151,291317,292385,295636,299887,302111,315598,311477,304241,293725,289684,318951,311537,308806,311648,313756,345719,344504,339769,331839,322876,332627,334722,337206,338264,337258,289263,293695,299788,306186,313287,239877,250023,260188,271004,268693,177893,183948,188828,192779,208639,129672,133056,135525,138464,143159,90206,90879,92034,93715,95101,81790,83741,85465,86919,88179
1,Alaska,55261,55245,55022,54664,54083,52020,51736,51677,52429,52072,50618,49879,49315,49434,49463,48667,47975,47337,47237,46802,60931,60417,59420,57149,54717,60420,60876,61485,62743,62720,54458,55914,56627,57752,57495,45583,46119,47495,49342,50424,46518,45220,44037,43006,42788,47803,45921,45268,45018,44497,54545,53189,51097,48969,46788,52232,51690,51310,50920,50140,41515,42512,43805,44563,45226,27492,29199,31100,33056,33860,16675,18005,19168,20034,22044,10047,10431,11011,11859,12783,6527,6670,6760,7031,7339,5448,5761,6045,6316,6554
2,Arizona,433645,433312,434662,435789,437262,458750,458614,456082,454833,451159,452351,454777,455569,458837,465903,450514,453305,459496,465694,467307,484680,489858,487678,485556,484302,442372,452332,466720,483734,499932,441664,446956,448484,452368,455962,408726,413649,422607,433761,444880,420726,419645,416571,411807,413800,407155,405580,410659,420852,427684,428579,430690,429171,424030,420080,404368,412033,421332,430258,435609,369885,376880,386455,397252,410644,332078,347939,365026,383407,382289,255306,268711,280921,291340,319120,180093,189827,198751,208581,221148,127272,129333,133074,137291,142462,117960,122994,129004,133252,136727
3,Arkansas,191474,190937,190993,191243,191435,200062,198801,197866,196597,195143,198172,197771,196934,197057,199158,196803,196757,197993,198695,198327,212450,212104,208517,204612,202825,190668,192203,196611,201791,205551,192604,192849,191285,190138,189913,178367,179894,183144,186973,189713,185992,184131,181496,177514,176563,187648,182368,180875,182921,184419,203376,202949,200733,195675,190232,193142,194198,195933,197496,197723,172669,174605,177373,180397,184133,148190,153020,157542,163306,161359,112690,116439,118811,120164,129150,81055,82937,84772,87262,90646,57087,57489,58387,59144,60107,54331,55348,56361,57246,57882
4,California,2502704,2506873,2508080,2484772,2471513,2557993,2552838,2542841,2537586,2514352,2527672,2526046,2519450,2521944,2542780,2660411,2621049,2601674,2584121,2562668,2926032,2921844,2876341,2814877,2767775,2842478,2914017,2995727,3078838,3130234,2757449,2807410,2836224,2869571,2893545,2533145,2560490,2609080,2660242,2713487,2628325,2598821,2556436,2516418,2509575,2586208,2569031,2586074,2607259,2607438,2635384,2648886,2629924,2593105,2555250,2407215,2446810,2491033,2519483,2528756,2001551,2059250,2119921,2175783,2233922,1571281,1654775,1739335,1816445,1825565,1110762,1163582,1217542,1264633,1370235,815036,842110,868622,894987,929630,616518,621007,627245,635363,647135,667219,686439,706895,721049,732793
5,Colorado,334332,333700,334402,335103,336207,355953,355180,355399,353832,349903,348470,353958,357458,359685,363136,339489,342147,347627,353164,356450,368333,374333,378138,379255,377367,389859,397946,412296,426599,440350,389290,398852,409844,421197,430312,353374,361966,374701,389095,401373,364012,362287,360503,356651,358401,344797,343619,350056,360241,366386,374346,372279,366525,357263,348747,353819,358851,364714,369309,368749,302763,311807,321289,329623,337731,230331,245409,261222,277052,279914,153275,162370,171305,179128,199306,105056,109307,113574,118408,124737,76893,77655,78737,79951,81817,78164,80645,82655,84549,86268
6,Connecticut,190707,188459,186567,184228,183321,214705,210157,205882,202376,199435,231973,228733,225034,221987,220038,254325,252233,249741,247788,245081,238865,244491,247295,248457,248134,220885,220672,220295,220005,222575,217075,218208,218628,220407,221623,207094,208038,210410,213053,215791,240912,230822,220234,210716,206940,270817,261907,255721,250187,243944,286126,284964,281217,274996,268373,264565,268598,271711,273553,272267,213489,219033,225390,231714,238252,173708,179065,184769,190317,188250,123766,130036,134872,139086,150013,89424,91310,92953,95361,100084,73892,72491,71691,71330,71408,90142,90971,91452,92124,92655
7,Delaware,55534,55414,55401,55187,54992,56729,56645,56666,56742,56671,57065,57138,57104,57381,57604,60459,59768,60043,60264,60541,65805,64686,62577,60604,59650,61346,63966,66207,67629,68250,58487,59169,59597,60272,61028,52451,53677,55267,56706,57895,58328,56947,55125,52967,52421,63212,61520,60991,60615,59724,67677,68003,67774,66916,65809,63935,65565,66823,67910,68556,56553,58108,60082,62349,64670,49723,52362,55141,58068,58226,36650,38753,40542,42102,46321,25481,26619,27443,28756,30541,18377,18573,18902,19194,19524,17302,17892,18422,19036,19516
8,District of Columbia,41175,42833,44169,44465,45035,29758,30858,32268,34159,36123,25420,25914,26346,26557,27603,37574,36886,36614,36673,36919,56634,55823,55043,54349,53576,80246,80591,81416,82573,83447,69902,72452,74986,77550,79155,47841,50541,53801,57332,59943,41220,41538,41605,41397,42095,38088,37725,37843,38637,38821,38559,38871,38763,38359,37394,36612,36694,36856,37003,36638,32033,32557,32972,33235,33489,24794,25989,27169,28255,28021,17287,18062,18724,19055,20198,12354,12637,13068,13419,13903,9374,9282,9279,9403,9479,11243,11544,11814,11915,12133
9,Florida,1073054,1088191,1109048,1126865,1138095,1115360,1123603,1133804,1146149,1151438,1134271,1138449,1145877,1161087,1181330,1174648,1174179,1185503,1198540,1203740,1320411,1318595,1302530,1281767,1269168,1256627,1297330,1346916,1394249,1421894,1207418,1237445,1265891,1297507,1320786,1146350,1166769,1203893,1245171,1280618,1269688,1264071,1251783,1236780,1237233,1331097,1309582,1312994,1334113,1348105,1409670,1431439,1440369,1434721,1419730,1312208,1344687,1382220,1422246,1448417,1191764,1222733,1262077,1303453,1349211,1104226,1153154,1206706,1263616,1256319,884733,925736,965308,1000913,1086197,662760,690565,715691,744385,781063,496888,499504,508723,520835,535504,493754,511715,529234,544192,555552
10,Georgia,661418,658572,659468,660269,660313,703090,702391,701427,698738,693368,705888,710130,710817,715197,722364,695041,697007,707043,716597,723736,728256,733521,731064,722810,718348,679409,694761,713445,735430,755708,685364,687413,687969,691671,697618,657599,661628,673210,687135,697558,716758,708775,695359,676922,669908,699836,692905,697520,709984,717726,698824,707102,710172,706896,701360,626200,638908,653014,665419,673810,529487,541073,555804,571283,589752,429928,452655,474979,497123,495732,299442,315870,330162,342230,375147,201471,210756,219168,229110,241769,136916,139541,143900,148208,152565,126846,130842,135012,138598,142597
11,Hawaii,91909,92451,92648,91521,90109,86098,85885,86059,86578,86792,82088,82159,82201,81600,81998,80046,78717,78248,77690,77031,101796,102023,100440,97458,93997,102823,103542,105047,106402,105478,98291,100239,101311,101609,101082,86883,88667,91353,93409,95486,89268,87750,85641,84204,83916,89116,87924,87693,87462,87097,95312,94226,92331,90412,87920,94873,94770,94561,93584,92419,88182,89100,89685,90448,90653,72463,75674,78952,81612,81950,48560,52313,55594,58272,62986,34709,35532,36762,38215,40134,29615,29209,28866,28524,28149,36006,37529,38928,39683,40341
12,Idaho,114655,113915,113857,115024,117037,122901,123219,122828,122795,122937,120691,122372,123537,125166,128315,113813,115404,116963,119770,121560,112572,112726,111337,111828,112737,104951,106545,108310,111628,115400,106861,107535,107729,108559,110319,99229,102113,104939,108714,112256,97473,97488,97603,97948,100362,94971,94456,95623,98166,100265,105151,104469,102629,100444,99107,102783,103808,105154,106834,107906,92469,94947,97645,100603,103841,75421,79564,83994,89655,91313,55376,58233,60790,63161,69539,37668,39698,41266,43403,46115,26675,27005,27678,28416,29327,26527,26894,27442,27912,28607
13,Illinois,800356,792906,786492,779202,773049,841412,828182,817071,804374,790696,857522,851517,840896,832114,826055,874959,860124,851251,844690,836129,903543,905134,897438,883088,866359,895275,893886,893261,897888,903566,896260,895503,887566,882292,872507,824289,829423,839588,847855,851956,859217,842981,821598,797501,787212,867959,848121,839997,840233,834022,926951,917300,899310,873569,848886,867322,877507,884298,886762,879674,722650,738996,756872,770727,786514,558916,583914,612009,641077,641188,410110,423480,434098,442947,475801,299861,307702,312591,319302,331745,229974,227487,226402,227953,230767,253827,258275,261313,264152,265897
14,Indiana,420216,419674,419769,420490,421176,443609,440343,437994,434717,431782,450625,449881,446002,444305,446631,457372,455851,456484,457646,457089,485676,489181,486836,481324,474605,416039,421520,427469,437611,451628,423921,422873,419943,418265,417176,398986,403206,409378,416605,421637,425287,419509,410843,398454,395141,432637,421350,417374,420883,421091,470410,467211,458633,445025,433365,447972,452300,455551,457580,455176,380114,388459,397753,406395,415431,296862,311598,326228,342921,344058,217990,225034,231234,235245,254886,156940,161659,164348,169313,176128,118681,117206,117034,118073,119758,124147,126327,127723,129155,130060
15,Iowa,195863,196270,196611,198204,198996,205558,206120,206150,204349,202699,202318,203025,202873,204158,206604,213361,213416,214400,214682,214844,229732,232903,233169,231549,229342,190780,190965,191579,194534,200167,198528,199879,199690,198803,195476,177513,182617,188235,194004,198847,183540,179929,177086,173493,174241,192609,187731,185990,186315,185137,220428,217231,210903,202819,195742,214311,215304,216436,217464,216279,186450,190762,195478,198436,201280,142373,149380,157603,166876,168857,107054,109622,111452,113008,122654,84082,85494,86042,86997,88979,67342,66118,65798,66029,66230,78034,78797,78978,79149,79337
16,Kansas,200865,199012,196831,194794,193139,204716,203764,203352,201610,199804,200751,200503,199496,199108,200285,199798,199533,199830,200206,200277,217538,219770,220785,218180,215302,192123,190893,190718,191081,193961,193181,194788,194473,192985,189826,171569,174912,179462,183907,187477,173081,170105,166927,164034,164290,176278,170512,168813,168943,168668,201403,198433,192577,184516,176887,193758,194578,195064,195546,193787,163681,168095,172594,176129,179857,125723,131542,138161,146138,147112,90711,94095,96848,98901,107945,69332,70385,71140,72559,74816,55851,55235,54631,54560,54748,62541,63398,64087,64534,64942
17,Kentucky,276329,275898,275877,276707,276883,284721,282986,280762,279064,277064,284869,284049,282261,282177,284346,285128,283953,286185,287568,287470,316104,316465,312690,306666,303192,278129,281972,288035,297811,305616,286913,284255,280027,276664,275380,272456,274176,277629,281092,282075,291385,285895,279996,271255,268165,298711,290725,286823,288387,288769,319857,318820,315217,307302,299321,304730,307144,308840,310350,309915,265866,269820,275350,279648,284644,213706,224049,233874,244491,243069,156324,160871,164603,167458,182324,110658,114117,116826,120469,125071,78423,78699,79207,80279,81272,74812,76521,77855,78725,79613
18,Louisiana,308125,309451,311783,312548,312038,313824,313898,312768,311161,305990,308892,307539,304914,304187,306171,301980,299684,300891,301975,299669,353840,350164,341745,329189,319682,337284,341248,345851,350999,350637,325263,329595,331888,331962,329050,278249,285660,295056,304447,310019,283496,278819,273791,268922,268429,297548,288985,284466,283738,281186,325964,322721,316575,307527,297888,313348,315811,317827,318134,315776,264061,270744,278580,284566,290415,206903,216668,227213,239267,239283,149725,155015,159765,163312,177136,107542,110405,113044,116491,120723,78001,77782,78524,79320,80313,72750,74608,76530,78412,79928
19,Maine,65546,64816,64248,64394,64502,72382,71396,70486,69327,68426,75669,74732,73873,73397,73474,82931,81693,80928,80463,79404,80325,79806,78534,77593,76490,75154,76864,77560,78600,80100,74485,74972,75628,76978,78313,72572,72671,73550,75109,76900,85701,82962,79632,76107,74434,95685,92303,90211,89325,87947,109305,107838,104994,101469,98271,107520,107953,108408,108644,108161,96045,97896,99660,101327,103271,77902,81991,86154,90639,90592,54761,57756,59960,61675,67928,39956,40772,41319,42318,44249,30493,30432,30506,30543,30717,31543,32050,32136,32324,32728
20,Maryland,365777,368493,368555,367178,366385,372898,373838,373907,375261,373822,376549,376722,374442,373877,376701,391559,387288,386045,386349,384864,403558,402744,398017,391270,386422,412601,415746,418521,420691,421451,402808,408177,411431,413653,416467,366951,374230,383922,393892,402680,403587,392968,381825,370081,366730,434798,423054,417170,414557,409559,454873,455949,452552,443922,434418,411594,419893,426751,431944,433380,341048,348108,357386,364860,374627,268580,281319,293258,305992,304530,188074,197036,205256,211235,229045,130542,135364,139473,144994,152818,98793,98829,99514,100364,101780,108064,110487,112536,114632,116498
21,Massachusetts,364731,364552,364111,361580,360588,380750,376302,373696,372184,370299,399785,398556,394807,391730,390350,461115,459176,457924,456805,454957,486716,491184,492593,494737,494160,478516,487247,492363,495015,499621,439207,447585,455352,465068,474310,399421,405048,412543,420723,430635,444520,432644,419401,405692,399866,487245,475857,468440,463001,455142,509931,511826,508445,499767,489830,470886,479958,486951,492225,493492,397203,406349,417635,427022,437960,317124,333026,348248,363955,362368,221460,232636,242912,250999,274343,163296,166837,169578,173701,180971,133331,131266,130393,130157,130437,155901,157876,158610,159360,160490
22,Michigan,574171,573923,572122,572608,573282,614628,605600,598684,592918,587969,650668,643846,633493,625051,622193,687808,677720,672059,668241,661340,734786,740382,730329,714196,702672,589782,604084,625265,651828,676087,591206,591231,589580,591252,593016,563035,566648,574123,583608,592177,639620,622008,598820,574381,563657,676099,657203,649482,648522,642154,743815,735696,720345,699614,680338,726767,731889,733306,732628,725134,619200,633382,648588,660604,675096,483385,506581,531707,560236,562365,353062,367011,377911,385798,416853,250809,257818,262188,269481,283027,193126,189757,188728,189438,191193,207252,209896,211440,213041,213758
23,Minnesota,348074,349603,350130,352524,355231,363381,362121,361363,360827,360273,354907,358147,359212,361772,367227,358066,355880,355447,356518,356916,362196,365092,365525,366659,364398,366096,365109,363492,364571,371917,377297,381915,383454,384552,385258,327300,336805,348428,361825,374665,340632,332639,324691,317588,319798,362466,352468,347922,347027,343687,408388,404152,394615,381228,367999,377579,384178,390958,396519,397170,316828,326871,335924,343488,351858,237343,250004,264319,281304,286348,173951,180682,186201,190433,206757,127437,131494,134814,138698,144373,99491,99051,99181,100545,102161,114642,116438,117562,118972,120570
24,Mississippi,196322,193138,191317,189668,187177,209782,209401,206874,203278,197812,206373,205206,202992,202662,205268,209892,207460,207432,207820,206300,228220,226433,221206,214789,209390,193240,196209,198845,203622,207379,196097,194598,191614,188975,186213,180070,181855,184674,187475,188901,189281,186510,182273,177553,175194,189777,184740,183010,184609,185592,206415,204624,200624,195080,189280,197851,199184,199888,200523,199550,169999,173301,177185,180257,184525,137870,143380,149918,156685,155792,102104,105009,107097,108818,118198,74295,76655,78049,79705,81964,51827,51592,52164,53057,54104,48306,49283,50135,50839,51461
25,Missouri,376664,376033,375506,374616,374479,391752,389562,386899,384198,381099,392284,390868,388578,388608,390672,398489,395082,395361,395395,393256,435087,435146,430391,422417,414417,398330,401297,405413,412337,422125,398429,400632,399671,399677,398738,354888,360904,370199,380571,388138,375646,368907,360148,349395,347436,390962,378121,373164,375340,374184,444863,440294,429746,413690,397700,418398,423759,428987,433066,432409,357693,364986,373584,381497,391846,288980,300391,313146,328333,327895,217838,225319,230394,233430,251437,158842,162194,164831,169377,176192,119308,119387,119801,120801,121509,122689,125132,126821,128428,130000
26,Montana,61374,61610,62088,62743,63291,63227,63757,63917,63831,63540,61541,61930,62397,63063,64241,63980,63389,63132,63369,63440,72927,73771,73691,73449,72723,63215,63692,65003,66635,69217,64349,65322,65532,65805,65807,56948,58851,61275,63585,65735,57597,56944,56283,55798,57060,60476,58657,57984,58715,58965,74274,72330,69819,66607,63782,77887,77467,77108,76773,75851,70871,72721,74110,75268,76318,54633,57749,61367,65470,66623,39462,41396,42793,43875,48174,27650,28537,29468,30854,32221,20139,20016,20106,20490,21121,21371,21792,22244,22326,22384
27,Nebraska,130446,130714,131728,132468,133061,132992,133284,133384,133172,132685,127411,128985,130123,131370,132569,127731,127749,128452,129574,130545,134273,137202,138777,139438,137891,125359,124282,122982,123912,126618,127799,129664,130202,130036,128897,111927,114371,117937,121968,125551,111574,110712,109904,108803,109122,113308,110339,109280,109623,110194,130174,128321,124535,119771,114969,123895,124922,126083,126937,126606,107033,109574,112096,114095,115995,80353,84858,89813,95613,97080,58465,60662,62515,64070,69900,46108,46732,47057,47693,48946,37341,36808,36560,36378,36451,41225,41741,42136,42682,42996
28,Nevada,178425,178904,180600,182908,185837,186496,188082,190289,192155,191754,183130,184404,185943,188729,193279,175072,175245,176152,178429,180314,186975,187251,185184,183765,183306,199193,204469,211823,219140,225703,199548,203043,206104,210299,214655,184736,187572,193284,199642,206160,195541,194500,192045,189705,190908,189382,189556,192787,197899,201409,189906,193368,194785,195043,194842,177664,181108,184618,188629,192147,159274,163182,168128,173030,178666,138551,145433,153048,159703,159163,99585,105596,110870,115818,127168,65579,69411,73429,77407,82272,42183,43435,45132,46699,48928,35307,37171,38836,40254,41528
29,New Hampshire,65229,64540,64259,64024,64481,73792,72285,70908,70070,68926,80255,79248,78205,77297,76596,90741,89254,87519,86268,85385,88772,90584,91104,91110,90444,75756,77867,78974,80516,83116,74877,76030,76925,78484,80303,72477,72693,73511,75347,77299,89525,85745,81528,77093,74733,101480,97935,95581,94358,92327,113351,112346,110238,106880,103744,105208,107549,109015,110676,110710,87750,90052,92817,95480,98574,70068,74082,77709,81554,81368,47285,50284,52444,54424,60403,32903,33906,34582,35735,38055,25471,25611,25804,26070,26277,27682,28673,29011,29629,30054
30,New Jersey,531074,530380,527648,523454,521718,557909,552287,547615,545385,541681,576175,574555,569171,565684,565505,583333,577613,573794,570783,566987,571817,578821,578729,575151,570345,562327,565827,570431,576785,587603,576105,578352,577521,581563,583470,563961,567509,573490,579698,586937,620282,605704,588951,572898,566757,663126,647516,638154,632093,623207,688794,687987,681738,669455,656026,622852,635844,645751,652439,653261,505447,517530,532704,547119,563544,407780,423678,439689,454952,450772,296121,307347,317343,326904,351672,217907,222602,226899,231736,241391,174628,172149,170267,169834,170700,194097,197309,200106,202483,204068
31,New Mexico,137556,134524,132090,129757,128145,144449,143211,141354,139411,136656,141906,140814,139834,139315,139656,140819,139332,138984,139299,138977,152893,152717,150181,147192,143802,140316,140078,140587,142242,144142,137162,138268,137987,138482,137790,120978,122372,124829,127499,130041,123831,121096,118573,116354,115914,126345,122328,120107,120319,119759,144694,142118,137643,131642,125897,140858,140465,141003,141325,140594,127661,128928,130451,132288,134096,103713,108818,114085,119481,120031,74468,77302,80478,83162,90765,53712,55663,56921,58667,61067,38075,38296,38978,39870,40747,35725,36877,38179,39127,39991
32,New York,1179308,1184210,1185054,1173740,1164406,1151495,1139933,1136234,1137832,1135051,1180041,1171939,1158856,1147239,1141288,1284560,1260108,1245837,1234767,1221982,1445527,1439030,1412001,1385564,1364312,1457773,1482148,1504783,1520019,1525983,1362338,1376050,1385178,1399361,1410936,1223458,1236787,1255079,1271720,1285962,1297210,1263188,1227195,1191313,1179875,1378152,1345917,1328575,1314654,1290735,1438121,1436832,1421615,1395719,1366475,1331831,1353662,1372283,1380510,1376173,1130340,1149690,1174948,1197110,1224028,898756,940603,981814,1020396,1015991,654896,677609,697646,715509,768957,488664,499911,509424,519703,537460,383184,379506,378072,379738,383442,426860,436457,444753,451392,456343
33,North Carolina,608019,604214,602689,605906,609713,644385,643709,641714,638034,633050,650496,652365,650400,651533,658662,650948,652075,661201,670991,676444,709915,711403,709610,703093,696993,642229,656737,674556,696924,715729,638005,639818,640362,646663,654518,623337,626472,633716,644789,652364,687758,679125,664795,644902,638314,675733,670091,676207,691252,698179,694328,700429,700188,693833,687330,649134,659344,671487,682250,689415,572244,585078,600496,615938,632263,481118,504899,527920,552896,552346,343311,361274,377388,391259,429135,242597,250666,257227,266365,280637,170858,173109,177397,182460,186382,165397,170352,174416,177601,181945
34,North Dakota,49268,51359,53486,54091,54043,46730,48353,49646,49572,49424,41662,42977,44494,45459,46486,48187,48161,48347,47847,47367,68058,69341,69556,67002,64891,54579,57153,60229,60459,60594,50074,52050,54110,54437,53659,40748,42917,45348,46947,48502,39268,39433,39887,39369,39644,41330,40492,40340,40046,39436,49977,49170,47826,45222,42858,49255,49972,50419,50160,49436,41108,42580,44149,45200,45845,30185,31493,33078,35074,36014,21780,22523,23277,23858,25736,17903,17918,17784,17838,18206,14974,14722,14603,14562,14603,17822,18044,18280,18405,18649
35,Ohio,695626,696464,697117,697626,698780,733183,727680,721840,714836,709211,759342,754244,744688,738065,737946,779006,772168,770402,768480,767484,801772,798602,788353,776389,765382,727610,745814,761941,778917,796439,719269,720584,720025,722567,727322,670807,678771,689891,703821,715051,744268,725883,703744,676904,666167,773629,754167,746746,749156,744174,858204,845054,825531,798231,775242,839374,846747,848085,847499,836488,714216,727486,744486,758502,775787,554581,585149,616557,648831,646774,410899,421157,428493,435155,473817,305140,312113,315405,322131,333531,233423,230400,229485,230150,232584,247496,251258,253238,255294,256430
36,Oklahoma,265280,265135,266780,265345,263740,269081,270073,271045,271260,268902,261472,263308,264551,266009,267982,255582,256960,260325,262646,263821,288904,288833,286062,279706,274716,264508,266680,271239,276587,280561,264397,268136,269102,268733,265035,232428,236836,243763,250223,255738,235720,234394,232139,228362,227470,233000,227656,227372,230435,232227,264115,261922,255625,245979,236553,251960,253426,255770,257138,256154,215883,220468,225931,230330,235142,178537,183869,190128,197882,196667,133750,138186,141544,143638,154064,98271,100440,102095,104288,107742,70388,70944,71660,72350,72983,66564,67742,69222,70296,71367
37,Oregon,230745,230869,231774,234147,235968,240259,241076,242898,243865,243265,239556,240234,240284,242344,245990,243565,243643,245042,246868,246771,266740,267333,265846,265291,264707,262285,266750,275232,288161,297253,273936,277342,281015,287130,289779,254049,259973,269059,279031,287529,257642,256244,255228,255099,259645,244999,245400,251376,259474,263479,268041,265220,261129,256110,251977,276017,273433,273353,274266,272242,259428,265032,269759,272913,275354,206471,218690,231795,245881,247305,144087,152553,160339,166683,184418,97671,102240,106732,111780,118126,72235,72086,72537,73597,75533,81938,82555,83139,83349,83435
38,Pennsylvania,714936,714465,713910,710518,708829,747227,741291,737097,732457,728973,772225,767968,759505,753959,755134,850499,837046,829601,823103,816354,891338,880641,863044,846670,831604,825628,843973,857725,864174,871354,781967,790206,796204,806499,817235,717320,724989,738700,754111,769813,811113,785877,757085,727058,715628,878294,854166,839482,832542,818610,960365,948146,930386,903937,880498,939435,947389,950625,949593,937815,799878,818756,839873,856060,874003,635615,664396,696151,730071,727190,473220,488553,499281,507775,552094,358058,364077,366729,373115,385514,293388,286699,282462,280051,279460,327944,331703,333264,335392,335429
39,Rhode Island,54983,54878,54731,54715,54761,58863,57736,56745,56044,55555,61316,60805,60380,60016,59426,74915,74233,73549,72920,72466,82800,81971,80836,79597,78860,69807,72257,74381,76168,76419,65225,66239,66854,67665,68727,59445,59922,61078,62758,64303,67405,65130,62626,60220,59189,75062,73027,71421,70092,68254,80137,79531,78774,76888,75146,76709,77557,77811,78073,77761,63332,64912,66976,68835,70817,50376,52646,54827,57128,56949,35521,37185,38625,39910,43461,26263,26599,26971,27613,28775,22289,21690,21098,20844,20906,28336,28464,28233,28080,27864
40,South Carolina,290518,289522,290566,291874,293653,304879,307810,310046,310211,307937,303342,304764,304985,307393,313782,310400,310606,315493,320090,322209,354457,352731,346831,340016,334881,309129,319308,332035,343416,351315,303182,305899,307953,311120,314192,283968,288196,295168,304173,310446,309591,306781,302009,294898,293707,315735,310756,311511,315897,319592,334290,337852,337901,334980,330742,322678,327255,332581,338289,340802,296398,302758,310850,317923,326534,257068,270594,284815,299856,298594,184234,195076,204785,212677,234956,124684,129559,134973,142004,150856,83306,85276,88110,91083,93798,78003,80015,81811,83922,86373
41,South Dakota,60130,60677,60978,61450,61759,60033,60234,60440,60349,60372,55131,55997,56657,57862,59303,56707,56712,56423,56537,56675,60603,60719,60543,60480,59550,56164,56274,55964,56156,57257,55513,56300,56295,56410,56348,47571,48938,50880,52818,54536,47276,46728,45992,45697,46458,50178,48366,47499,47507,47425,59533,58789,56633,54289,52109,58189,58490,59120,59491,59476,51125,52960,54431,55783,56774,37732,40299,43394,46850,48277,27478,28483,29228,30114,32952,21437,21648,21697,21762,22463,17688,17349,17177,17242,17151,20025,20492,20685,20745,20781
42,Tennessee,399904,400535,403213,406292,408644,417989,418242,416781,415240,414037,422103,421715,420164,421197,425460,417793,417313,419896,423138,424972,461000,462315,457872,451415,447062,423344,434842,449741,467579,483349,424577,426551,426183,429089,432647,402127,405526,412258,420664,427515,439427,433239,423694,410462,407049,438914,431634,431781,438700,442663,462883,464844,462257,455728,448936,442832,446113,450388,453894,454707,388024,394390,403455,411809,422341,324667,339073,352540,367481,364188,236042,245591,253245,259145,281961,165138,170644,175556,181051,189892,115616,116525,118235,120836,122658,108415,110915,113467,115684,117903
43,Texas,1936629,1959182,1986658,2009215,2031625,1998175,2013648,2031225,2043113,2041346,1968155,1996287,2016756,2037356,2065071,1893891,1914209,1947826,1981055,2004901,1961384,1992517,2004245,1999984,1991523,1925170,1970022,2023128,2072691,2116217,1919575,1963075,1995830,2026770,2045823,1775819,1812399,1869494,1925467,1975264,1808704,1823315,1828433,1821174,1829485,1705086,1705675,1737208,1786618,1825100,1746828,1760428,1757360,1740367,1720765,1579713,1616647,1654852,1684415,1700705,1296648,1338603,1387133,1433996,1484059,1020653,1071986,1126570,1185889,1196426,716318,754933,789522,817204,892810,512725,528629,543986,565146,590935,366436,372043,379913,388409,397150,347370,360838,374741,385993,395391
44,Utah,256069,253861,252466,253338,255200,260505,260759,261412,261612,259180,244660,248941,252337,256862,262151,222197,225123,230695,236955,242153,247309,248616,250247,251244,253676,213938,215513,219575,230094,240114,226906,225403,222560,220206,217309,201169,209164,217526,224560,228819,171463,175473,179619,185094,193728,149036,150649,155266,162027,167480,155656,155167,153343,151117,150052,146500,148640,151211,153539,154678,122285,127095,131982,136872,141721,94474,99572,105743,113009,115544,68445,72467,75636,78302,85717,49683,51285,52890,55038,57748,35967,36409,37112,38085,39288,33699,34534,35297,36367,37275
45,Vermont,30644,30656,30543,30266,30035,33675,32963,32421,31903,31503,35766,35203,34467,33995,33970,44669,44059,43357,42755,41866,45411,46312,46799,46700,46304,35608,35572,35742,36217,36646,36014,36214,36040,36068,36334,33949,34086,34575,35161,35966,38910,37395,35911,34270,33685,43620,42027,40939,40401,39500,50571,49467,48133,45957,44150,50518,50697,50290,50260,49497,44684,45402,46199,46599,47332,35031,36865,38510,40449,40502,24092,25368,26637,27420,30164,16495,16885,17301,18164,19145,12647,12542,12552,12627,12786,13740,13952,14039,14142,14272
46,Virginia,510510,511371,511782,511889,511674,522862,519512,518510,517318,515223,520688,522662,520774,521365,524468,538432,535718,536570,538830,539939,593854,596502,592834,586918,582807,581155,585551,590288,594304,600684,573771,579362,579837,581858,584586,526558,534021,545661,558616,569434,567562,557230,544934,529474,524298,584782,570714,565694,566676,565582,610104,611973,607527,595743,583421,557731,565925,573799,580305,582522,467915,477618,489317,500961,513954,380154,397629,414737,431963,428765,269264,282737,294018,303620,330753,186888,194256,200941,208818,219406,134557,135599,137573,140626,143970,134902,138522,141971,145096,148534
47,Washington,442649,443763,445894,451668,458213,446500,449817,455163,460830,463282,437660,438516,439824,444445,453321,439297,438037,440184,443886,444646,491302,491564,487088,482574,479223,494903,508745,527228,550150,571834,496871,508363,519362,533913,545545,448780,459723,476078,496698,517003,467257,460376,454297,450054,456046,457857,454962,461665,472049,477243,495903,493233,486944,476695,467452,480440,483214,487483,491829,492542,419415,430733,443103,454167,464351,330611,348444,367778,389008,391452,223650,238524,252239,263426,290311,152801,159252,165597,173396,183278,112246,112491,113771,115598,118584,125268,127174,129120,130548,131417
48,West Virginia,102720,102387,101965,100477,98484,105904,105100,104219,103311,102025,107864,107372,106160,105204,104697,112229,111055,110235,109299,108132,125996,125317,122065,118148,114985,105736,107289,109825,112394,113337,112564,110251,107110,104936,102733,110756,110966,111411,111518,110256,120231,118021,115152,110773,108588,122439,119287,117961,118177,117570,134431,131388,128442,124522,121351,139815,138822,137038,135041,131325,131506,131196,131267,130565,130775,105166,110979,116063,121191,119745,77832,79429,81138,81840,88789,57269,58872,59254,60494,61795,40999,40399,40403,40767,41460,38876,39494,40059,39980,39810
49,Wisconsin,343697,340957,337761,336560,335888,367186,364099,361915,357487,353389,372315,371275,368540,367281,368569,386365,383203,382367,381441,380230,401869,407189,408139,406570,401781,359643,357448,355050,357066,365520,370847,372274,370667,369407,365840,335187,341635,349736,358416,365703,358066,348298,338710,328915,328433,393485,380175,372126,368074,360999,439202,434740,425483,411683,399236,413220,418568,423396,428373,428373,351107,361153,370982,378659,386965,265861,281114,297341,315734,321017,193937,200955,207789,213275,231392,144948,148879,150468,153728,159791,114444,112360,111618,112104,113509,125294,126950,127656,128144,128848
50,Wyoming,38754,38418,38377,37882,37031,40248,40721,41028,40309,38858,36873,37216,37752,38433,38774,37309,36580,36739,36413,36116,43142,42866,41682,40270,38243,40814,40933,40937,40357,39511,40799,41191,41465,41305,40003,35108,35896,37313,38126,38428,34184,33968,33606,33244,33191,33989,32742,32654,32867,32749,42023,40275,38229,35878,33950,43299,42888,42519,41946,40525,37029,37704,38645,39541,40329,27299,28895,30574,32361,32650,18974,19782,20542,21233,23294,13264,13738,14196,14614,15241,9619,9545,9618,9699,9913,9614,9976,10226,10432,10509
51,Puerto Rico,195598,184598,172388,160416,147970,215357,207650,198778,187888,177739,238977,228653,216942,206363,198257,260427,250224,242640,234086,222678,262649,257907,249284,240382,232150,224397,223066,224972,225459,223828,230016,220509,208538,198539,190755,228535,224052,220875,215264,207678,230386,225482,219515,212952,208209,236261,229366,224106,219456,214945,235597,234470,231736,228743,224402,226059,225052,224408,222191,219484,209708,209069,208673,209556,210332,196264,198883,200781,198935,195563,149059,153414,158304,165391,171623,109950,113389,116297,119217,123063,72950,75370,78757,81577,84508,70887,73720,76183,80105,83993
