,Geography,"April 1, 2010 - Census - Both Sexes; Total","April 1, 2010 - Estimates Base - Both Sexes; Total",Population Estimate (as of July 1) - 2010 - Both Sexes; Total,Population Estimate (as of July 1) - 2011 - Both Sexes; Total,Population Estimate (as of July 1) - 2012 - Both Sexes; Total,Population Estimate (as of July 1) - 2013 - Both Sexes; Total,Population Estimate (as of July 1) - 2014 - Both Sexes; Total,Population Estimate (as of July 1) - 2015 - Both Sexes; Total,Population Estimate (as of July 1) - 2016 - Both Sexes; Total,Population Estimate (as of July 1) - 2017 - Both Sexes; Total,"April 1, 2010 - Census - Both Sexes; Total - Under 5 years","April 1, 2010 - Estimates Base - Both Sexes; Total - Under 5 years",Population Estimate (as of July 1) - 2010 - Both Sexes; Total - Under 5 years,Population Estimate (as of July 1) - 2011 - Both Sexes; Total - Under 5 years,Population Estimate (as of July 1) - 2012 - Both Sexes; Total - Under 5 years,Population Estimate (as of July 1) - 2013 - Both Sexes; Total - Under 5 years,Population Estimate (as of July 1) - 2014 - Both Sexes; Total - Under 5 years,Population Estimate (as of July 1) - 2015 - Both Sexes; Total - Under 5 years,Population Estimate (as of July 1) - 2016 - Both Sexes; Total - Under 5 years,Population Estimate (as of July 1) - 2017 - Both Sexes; Total - Under 5 years,"April 1, 2010 - Census - Both Sexes; Total - 5 to 9 years","April 1, 2010 - Estimates Base - Both Sexes; Total - 5 to 9 years",Population Estimate (as of July 1) - 2010 - Both Sexes; Total - 5 to 9 years,Population Estimate (as of July 1) - 2011 - Both Sexes; Total - 5 to 9 years,Population Estimate (as of July 1) - 2012 - Both Sexes; Total - 5 to 9 years,Population Estimate (as of July 1) - 2013 - Both Sexes; Total - 5 to 9 years,Population Estimate (as of July 1) - 2014 - Both Sexes; Total - 5 to 9 years,Population Estimate (as of July 1) - 2015 - Both Sexes; Total - 5 to 9 years,Population Estimate (as of July 1) - 2016 - Both Sexes; Total - 5 to 9 years,Population Estimate (as of July 1) - 2017 - Both Sexes; Total - 5 to 9 years,"April 1, 2010 - Census - Both Sexes; Total - 10 to 14 years","April 1, 2010 - Estimates Base - Both Sexes; Total - 10 to 14 years",Population Estimate (as of July 1) - 2010 - Both Sexes; Total - 10 to 14 years,Population Estimate (as of July 1) - 2011 - Both Sexes; Total - 10 to 14 years,Population Estimate (as of July 1) - 2012 - Both Sexes; Total - 10 to 14 years,Population Estimate (as of July 1) - 2013 - Both Sexes; Total - 10 to 14 years,Population Estimate (as of July 1) - 2014 - Both Sexes; Total - 10 to 14 years,Population Estimate (as of July 1) - 2015 - Both Sexes; Total - 10 to 14 years,Population Estimate (as of July 1) - 2016 - Both Sexes; Total - 10 to 14 years,Population Estimate (as of July 1) - 2017 - Both Sexes; Total - 10 to 14 years,"April 1, 2010 - Census - Both Sexes; Total - 15 to 19 years","April 1, 2010 - Estimates Base - Both Sexes; Total - 15 to 19 years",Population Estimate (as of July 1) - 2010 - Both Sexes; Total - 15 to 19 years,Population Estimate (as of July 1) - 2011 - Both Sexes; Total - 15 to 19 years,Population Estimate (as of July 1) - 2012 - Both Sexes; Total - 15 to 19 years,Population Estimate (as of July 1) - 2013 - Both Sexes; Total - 15 to 19 years,Population Estimate (as of July 1) - 2014 - Both Sexes; Total - 15 to 19 years,Population Estimate (as of July 1) - 2015 - Both Sexes; Total - 15 to 19 years,Population Estimate (as of July 1) - 2016 - Both Sexes; Total - 15 to 19 years,Population Estimate (as of July 1) - 2017 - Both Sexes; Total - 15 to 19 years,"April 1, 2010 - Census - Both Sexes; Total - 20 to 24 years","April 1, 2010 - Estimates Base - Both Sexes; Total - 20 to 24 years",Population Estimate (as of July 1) - 2010 - Both Sexes; Total - 20 to 24 years,Population Estimate (as of July 1) - 2011 - Both Sexes; Total - 20 to 24 years,Population Estimate (as of July 1) - 2012 - Both Sexes; Total - 20 to 24 years,Population Estimate (as of July 1) - 2013 - Both Sexes; Total - 20 to 24 years,Population Estimate (as of July 1) - 2014 - Both Sexes; Total - 20 to 24 years,Population Estimate (as of July 1) - 2015 - Both Sexes; Total - 20 to 24 years,Population Estimate (as of July 1) - 2016 - Both Sexes; Total - 20 to 24 years,Population Estimate (as of July 1) - 2017 - Both Sexes; Total - 20 to 24 years,"April 1, 2010 - Census - Both Sexes; Total - 25 to 29 years","April 1, 2010 - Estimates Base - Both Sexes; Total - 25 to 29 years",Population Estimate (as of July 1) - 2010 - Both Sexes; Total - 25 to 29 years,Population Estimate (as of July 1) - 2011 - Both Sexes; Total - 25 to 29 years,Population Estimate (as of July 1) - 2012 - Both Sexes; Total - 25 to 29 years,Population Estimate (as of July 1) - 2013 - Both Sexes; Total - 25 to 29 years,Population Estimate (as of July 1) - 2014 - Both Sexes; Total - 25 to 29 years,Population Estimate (as of July 1) - 2015 - Both Sexes; Total - 25 to 29 years,Population Estimate (as of July 1) - 2016 - Both Sexes; Total - 25 to 29 years,Population Estimate (as of July 1) - 2017 - Both Sexes; Total - 25 to 29 years,"April 1, 2010 - Census - Both Sexes; Total - 30 to 34 years","April 1, 2010 - Estimates Base - Both Sexes; Total - 30 to 34 years",Population Estimate (as of July 1) - 2010 - Both Sexes; Total - 30 to 34 years,Population Estimate (as of July 1) - 2011 - Both Sexes; Total - 30 to 34 years,Population Estimate (as of July 1) - 2012 - Both Sexes; Total - 30 to 34 years,Population Estimate (as of July 1) - 2013 - Both Sexes; Total - 30 to 34 years,Population Estimate (as of July 1) - 2014 - Both Sexes; Total - 30 to 34 years,Population Estimate (as of July 1) - 2015 - Both Sexes; Total - 30 to 34 years,Population Estimate (as of July 1) - 2016 - Both Sexes; Total - 30 to 34 years,Population Estimate (as of July 1) - 2017 - Both Sexes; Total - 30 to 34 years,"April 1, 2010 - Census - Both Sexes; Total - 35 to 39 years","April 1, 2010 - Estimates Base - Both Sexes; Total - 35 to 39 years",Population Estimate (as of July 1) - 2010 - Both Sexes; Total - 35 to 39 years,Population Estimate (as of July 1) - 2011 - Both Sexes; Total - 35 to 39 years,Population Estimate (as of July 1) - 2012 - Both Sexes; Total - 35 to 39 years,Population Estimate (as of July 1) - 2013 - Both Sexes; Total - 35 to 39 years,Population Estimate (as of July 1) - 2014 - Both Sexes; Total - 35 to 39 years,Population Estimate (as of July 1) - 2015 - Both Sexes; Total - 35 to 39 years,Population Estimate (as of July 1) - 2016 - Both Sexes; Total - 35 to 39 years,Population Estimate (as of July 1) - 2017 - Both Sexes; Total - 35 to 39 years,"April 1, 2010 - Census - Both Sexes; Total - 40 to 44 years","April 1, 2010 - Estimates Base - Both Sexes; Total - 40 to 44 years",Population Estimate (as of July 1) - 2010 - Both Sexes; Total - 40 to 44 years,Population Estimate (as of July 1) - 2011 - Both Sexes; Total - 40 to 44 years,Population Estimate (as of July 1) - 2012 - Both Sexes; Total - 40 to 44 years,Population Estimate (as of July 1) - 2013 - Both Sexes; Total - 40 to 44 years,Population Estimate (as of July 1) - 2014 - Both Sexes; Total - 40 to 44 years,Population Estimate (as of July 1) - 2015 - Both Sexes; Total - 40 to 44 years,Population Estimate (as of July 1) - 2016 - Both Sexes; Total - 40 to 44 years,Population Estimate (as of July 1) - 2017 - Both Sexes; Total - 40 to 44 years,"April 1, 2010 - Census - Both Sexes; Total - 45 to 49 years","April 1, 2010 - Estimates Base - Both Sexes; Total - 45 to 49 years",Population Estimate (as of July 1) - 2010 - Both Sexes; Total - 45 to 49 years,Population Estimate (as of July 1) - 2011 - Both Sexes; Total - 45 to 49 years,Population Estimate (as of July 1) - 2012 - Both Sexes; Total - 45 to 49 years,Population Estimate (as of July 1) - 2013 - Both Sexes; Total - 45 to 49 years,Population Estimate (as of July 1) - 2014 - Both Sexes; Total - 45 to 49 years,Population Estimate (as of July 1) - 2015 - Both Sexes; Total - 45 to 49 years,Population Estimate (as of July 1) - 2016 - Both Sexes; Total - 45 to 49 years,Population Estimate (as of July 1) - 2017 - Both Sexes; Total - 45 to 49 years,"April 1, 2010 - Census - Both Sexes; Total - 50 to 54 years","April 1, 2010 - Estimates Base - Both Sexes; Total - 50 to 54 years",Population Estimate (as of July 1) - 2010 - Both Sexes; Total - 50 to 54 years,Population Estimate (as of July 1) - 2011 - Both Sexes; Total - 50 to 54 years,Population Estimate (as of July 1) - 2012 - Both Sexes; Total - 50 to 54 years,Population Estimate (as of July 1) - 2013 - Both Sexes; Total - 50 to 54 years,Population Estimate (as of July 1) - 2014 - Both Sexes; Total - 50 to 54 years,Population Estimate (as of July 1) - 2015 - Both Sexes; Total - 50 to 54 years,Population Estimate (as of July 1) - 2016 - Both Sexes; Total - 50 to 54 years,Population Estimate (as of July 1) - 2017 - Both Sexes; Total - 50 to 54 years,"April 1, 2010 - Census - Both Sexes; Total - 55 to 59 years","April 1, 2010 - Estimates Base - Both Sexes; Total - 55 to 59 years",Population Estimate (as of July 1) - 2010 - Both Sexes; Total - 55 to 59 years,Population Estimate (as of July 1) - 2011 - Both Sexes; Total - 55 to 59 years,Population Estimate (as of July 1) - 2012 - Both Sexes; Total - 55 to 59 years,Population Estimate (as of July 1) - 2013 - Both Sexes; Total - 55 to 59 years,Population Estimate (as of July 1) - 2014 - Both Sexes; Total - 55 to 59 years,Population Estimate (as of July 1) - 2015 - Both Sexes; Total - 55 to 59 years,Population Estimate (as of July 1) - 2016 - Both Sexes; Total - 55 to 59 years,Population Estimate (as of July 1) - 2017 - Both Sexes; Total - 55 to 59 years,"April 1, 2010 - Census - Both Sexes; Total - 60 to 64 years","April 1, 2010 - Estimates Base - Both Sexes; Total - 60 to 64 years",Population Estimate (as of July 1) - 2010 - Both Sexes; Total - 60 to 64 years,Population Estimate (as of July 1) - 2011 - Both Sexes; Total - 60 to 64 years,Population Estimate (as of July 1) - 2012 - Both Sexes; Total - 60 to 64 years,Population Estimate (as of July 1) - 2013 - Both Sexes; Total - 60 to 64 years,Population Estimate (as of July 1) - 2014 - Both Sexes; Total - 60 to 64 years,Population Estimate (as of July 1) - 2015 - Both Sexes; Total - 60 to 64 years,Population Estimate (as of July 1) - 2016 - Both Sexes; Total - 60 to 64 years,Population Estimate (as of July 1) - 2017 - Both Sexes; Total - 60 to 64 years,"April 1, 2010 - Census - Both Sexes; Total - 65 to 69 years","April 1, 2010 - Estimates Base - Both Sexes; Total - 65 to 69 years",Population Estimate (as of July 1) - 2010 - Both Sexes; Total - 65 to 69 years,Population Estimate (as of July 1) - 2011 - Both Sexes; Total - 65 to 69 years,Population Estimate (as of July 1) - 2012 - Both Sexes; Total - 65 to 69 years,Population Estimate (as of July 1) - 2013 - Both Sexes; Total - 65 to 69 years,Population Estimate (as of July 1) - 2014 - Both Sexes; Total - 65 to 69 years,Population Estimate (as of July 1) - 2015 - Both Sexes; Total - 65 to 69 years,Population Estimate (as of July 1) - 2016 - Both Sexes; Total - 65 to 69 years,Population Estimate (as of July 1) - 2017 - Both Sexes; Total - 65 to 69 years,"April 1, 2010 - Census - Both Sexes; Total - 70 to 74 years","April 1, 2010 - Estimates Base - Both Sexes; Total - 70 to 74 years",Population Estimate (as of July 1) - 2010 - Both Sexes; Total - 70 to 74 years,Population Estimate (as of July 1) - 2011 - Both Sexes; Total - 70 to 74 years,Population Estimate (as of July 1) - 2012 - Both Sexes; Total - 70 to 74 years,Population Estimate (as of July 1) - 2013 - Both Sexes; Total - 70 to 74 years,Population Estimate (as of July 1) - 2014 - Both Sexes; Total - 70 to 74 years,Population Estimate (as of July 1) - 2015 - Both Sexes; Total - 70 to 74 years,Population Estimate (as of July 1) - 2016 - Both Sexes; Total - 70 to 74 years,Population Estimate (as of July 1) - 2017 - Both Sexes; Total - 70 to 74 years,"April 1, 2010 - Census - Both Sexes; Total - 75 to 79 years","April 1, 2010 - Estimates Base - Both Sexes; Total - 75 to 79 years",Population Estimate (as of July 1) - 2010 - Both Sexes; Total - 75 to 79 years,Population Estimate (as of July 1) - 2011 - Both Sexes; Total - 75 to 79 years,Population Estimate (as of July 1) - 2012 - Both Sexes; Total - 75 to 79 years,Population Estimate (as of July 1) - 2013 - Both Sexes; Total - 75 to 79 years,Population Estimate (as of July 1) - 2014 - Both Sexes; Total - 75 to 79 years,Population Estimate (as of July 1) - 2015 - Both Sexes; Total - 75 to 79 years,Population Estimate (as of July 1) - 2016 - Both Sexes; Total - 75 to 79 years,Population Estimate (as of July 1) - 2017 - Both Sexes; Total - 75 to 79 years,"April 1, 2010 - Census - Both Sexes; Total - 80 to 84 years","April 1, 2010 - Estimates Base - Both Sexes; Total - 80 to 84 years",Population Estimate (as of July 1) - 2010 - Both Sexes; Total - 80 to 84 years,Population Estimate (as of July 1) - 2011 - Both Sexes; Total - 80 to 84 years,Population Estimate (as of July 1) - 2012 - Both Sexes; Total - 80 to 84 years,Population Estimate (as of July 1) - 2013 - Both Sexes; Total - 80 to 84 years,Population Estimate (as of July 1) - 2014 - Both Sexes; Total - 80 to 84 years,Population Estimate (as of July 1) - 2015 - Both Sexes; Total - 80 to 84 years,Population Estimate (as of July 1) - 2016 - Both Sexes; Total - 80 to 84 years,Population Estimate (as of July 1) - 2017 - Both Sexes; Total - 80 to 84 years,"April 1, 2010 - Census - Both Sexes; Total - 85 years and over","April 1, 2010 - Estimates Base - Both Sexes; Total - 85 years and over",Population Estimate (as of July 1) - 2010 - Both Sexes; Total - 85 years and over,Population Estimate (as of July 1) - 2011 - Both Sexes; Total - 85 years and over,Population Estimate (as of July 1) - 2012 - Both Sexes; Total - 85 years and over,Population Estimate (as of July 1) - 2013 - Both Sexes; Total - 85 years and over,Population Estimate (as of July 1) - 2014 - Both Sexes; Total - 85 years and over,Population Estimate (as of July 1) - 2015 - Both Sexes; Total - 85 years and over,Population Estimate (as of July 1) - 2016 - Both Sexes; Total - 85 years and over,Population Estimate (as of July 1) - 2017 - Both Sexes; Total - 85 years and over
0,Alabama,4779736,4780135,4785579,4798649,4813946,4827660,4840037,4850858,4860545,4874747,304957,304961,304266,302802,299194,294541,293552,293904,293581,293554,308229,308232,307245,304638,305697,306895,306281,305293,303815,301285,319655,319655,320128,321545,319737,316772,313855,309622,306649,308459,343471,343475,340838,329869,323668,320926,318496,319793,321050,318807,335322,335342,337771,346637,353245,356560,354041,345830,335898,329597,311034,311080,311153,309985,309585,311340,316332,323922,332156,338151,297888,297930,299441,304220,306478,307713,307513,305008,302966,302151,308430,308462,306598,296362,292346,291317,292385,295636,299887,302111,311071,311100,311600,314408,316148,315598,311477,304241,293725,289684,346369,346402,345437,337098,327674,318951,311537,308806,311648,313756,347485,347516,347912,348972,347051,345719,344504,339769,331839,322876,311906,311929,314043,320433,327547,332627,334722,337206,338264,337258,276127,276142,278298,289656,287499,289263,293695,299788,306186,313287,209637,209652,210710,214746,231415,239877,250023,260188,271004,268693,160864,160883,161560,164567,169760,177893,183948,188828,192779,208639,122836,122866,123130,124783,126412,129672,133056,135525,138464,143159,88771,88793,89209,90022,90302,90206,90879,92034,93715,95101,75684,75715,76240,77906,80188,81790,83741,85465,86919,88179
1,Alaska,710231,710249,714015,722259,730825,736760,736759,737979,741522,739795,53996,53996,54408,55339,55104,55261,55245,55022,54664,54083,50887,50887,51079,51362,51896,52020,51736,51677,52429,52072,50816,50816,50922,50870,50786,50618,49879,49315,49434,49463,52141,52142,52005,50784,49549,48667,47975,47337,47237,46802,54419,54421,54987,56364,58824,60931,60417,59420,57149,54717,55419,55420,56143,57845,58951,60420,60876,61485,62743,62720,47706,47706,48344,50258,52338,54458,55914,56627,57752,57495,45833,45834,45778,44755,45153,45583,46119,47495,49342,50424,47141,47146,47261,47376,47268,46518,45220,44037,43006,42788,54726,54727,54392,52460,50298,47803,45921,45268,45018,44497,56300,56304,56344,56248,55620,54545,53189,51097,48969,46788,49971,49972,50291,51355,52306,52232,51690,51310,50920,50140,35938,35940,36497,39022,40212,41515,42512,43805,44563,45226,22202,22202,22461,23509,25907,27492,29199,31100,33056,33860,13148,13148,13374,14321,15445,16675,18005,19168,20034,22044,8892,8892,8922,9186,9575,10047,10431,11011,11859,12783,5985,5985,6044,6232,6426,6527,6670,6760,7031,7339,4711,4711,4763,4973,5167,5448,5761,6045,6316,6554
2,Arizona,6392017,6392309,6407002,6465488,6544211,6616124,6706435,6802262,6908642,7016270,455715,455716,453350,444870,438417,433645,433312,434662,435789,437262,453680,453682,452944,449750,454977,458750,458614,456082,454833,451159,448664,448664,449175,450664,451698,452351,454777,455569,458837,465903,461582,461586,459774,452999,450961,450514,453305,459496,465694,467307,442584,442606,446649,463108,478099,484680,489858,487678,485556,484302,439998,440010,439843,439984,439818,442372,452332,466720,483734,499932,416695,416698,418568,426327,433897,441664,446956,448484,452368,455962,415693,415698,414181,405969,406179,408726,413649,422607,433761,444880,406801,406806,408521,416035,420735,420726,419645,416571,411807,413800,427022,427023,426103,418677,412016,407155,405580,410659,420852,427684,415524,415528,417178,423120,426504,428579,430690,429171,424030,420080,375268,375270,377429,385338,395879,404368,412033,421332,430258,435609,350960,350980,354183,369318,366123,369885,376880,386455,397252,410644,282866,282884,284883,293633,318555,332078,347939,365026,383407,382289,215026,215042,217091,226689,238872,255306,268711,280921,291340,319120,162261,162288,162983,167197,172566,180093,189827,198751,208581,221148,118278,118328,119446,122602,125138,127272,129333,133074,137291,142462,103400,103500,104701,109208,113777,117960,122994,129004,133252,136727
3,Arkansas,2915918,2916031,2921737,2938640,2949208,2956780,2964800,2975626,2988231,3004279,197689,197692,197365,196086,194180,191474,190937,190993,191243,191435,196877,196883,196903,197340,199244,200062,198801,197866,196597,195143,197559,197563,198022,199305,198776,198172,197771,196934,197057,199158,203805,203807,203199,199717,197360,196803,196757,197993,198695,198327,199650,199652,201490,207694,210962,212450,212104,208517,204612,202825,192153,192155,192197,191420,190900,190668,192203,196611,201791,205551,183739,183746,184792,188639,191087,192604,192849,191285,190138,189913,183614,183621,183046,179511,177850,178367,179894,183144,186973,189713,182594,182600,182925,185135,186274,185992,184131,181496,177514,176563,205544,205551,204816,199704,193779,187648,182368,180875,182921,184419,201722,201727,202146,203671,203176,203376,202949,200733,195675,190232,183960,183971,184970,188099,191346,193142,194198,195933,197496,197723,167031,167038,168310,174777,172081,172669,174605,177373,180397,184133,133367,133373,133682,134965,144059,148190,153020,157542,163306,161359,101235,101240,101803,104315,107981,112690,116439,118811,120164,129150,77741,77748,77962,78962,79657,81055,82937,84772,87262,90646,56236,56249,56374,56604,56743,57087,57489,58387,59144,60107,51402,51415,51735,52696,53753,54331,55348,56361,57246,57882
4,California,37253956,37254518,37327690,37672654,38019006,38347383,38701278,39032444,39296476,39536653,2531333,2531337,2530455,2534569,2517190,2502704,2506873,2508080,2484772,2471513,2505839,2505839,2504991,2513839,2540130,2557993,2552838,2542841,2537586,2514352,2590930,2590932,2584224,2563681,2539386,2527672,2526046,2519450,2521944,2542780,2823940,2823959,2808653,2748030,2702537,2660411,2621049,2601674,2584121,2562668,2765949,2765970,2785504,2862193,2915099,2926032,2921844,2876341,2814877,2767775,2744409,2744433,2749352,2776203,2800081,2842478,2914017,2995727,3078838,3130234,2573468,2573486,2585303,2639016,2697289,2757449,2807410,2836224,2869571,2893545,2573579,2573602,2564030,2522809,2520139,2533145,2560490,2609080,2660242,2713487,2609131,2609170,2613246,2637486,2643122,2628325,2598821,2556436,2516418,2509575,2689819,2689859,2683147,2648720,2614862,2586208,2569031,2586074,2607259,2607438,2562552,2562587,2572100,2604873,2620528,2635384,2648886,2629924,2593105,2555250,2204296,2204332,2220469,2284335,2352815,2407215,2446810,2491033,2519483,2528756,1832197,1832239,1851925,1940750,1956137,2001551,2059250,2119921,2175783,2233922,1303558,1303592,1316361,1370821,1492548,1571281,1654775,1739335,1816445,1825565,971778,971813,978739,1009836,1051858,1110762,1163582,1217542,1264633,1370235,766971,767025,767254,777239,792585,815036,842110,868622,894987,929630,603239,603280,605073,609475,612987,616518,621007,627245,635363,647135,600968,601063,606864,628779,649713,667219,686439,706895,721049,732793
5,Colorado,5029196,5029325,5048029,5116411,5186330,5262556,5342311,5440445,5530105,5607154,343960,343960,344032,341434,337720,334332,333700,334402,335103,336207,348603,348603,348888,351272,354397,355953,355180,355399,353832,349903,332654,332654,333890,339317,343065,348470,353958,357458,359685,363136,339475,339476,341142,340963,339157,339489,342147,347627,353164,356450,348615,348633,350168,355046,361346,368333,374333,378138,379255,377367,372459,372480,373609,379554,384663,389859,397946,412296,426599,440350,353819,353835,356284,367540,378550,389290,398852,409844,421197,430312,353605,353627,352323,346209,347371,353374,361966,374701,389095,401373,346039,346053,347920,356577,362076,364012,362287,360503,356651,358401,371635,371654,369673,359064,350435,344797,343619,350056,360241,366386,371063,371073,371894,375056,374997,374346,372279,366525,357263,348747,328364,328370,330669,339057,347719,353819,358851,364714,369309,368749,269280,269282,273152,290271,293756,302763,311807,321289,329623,337731,182492,182492,184615,193803,215919,230331,245409,261222,277052,279914,127468,127468,128716,134527,142239,153275,162370,171305,179128,199306,96908,96908,97135,98735,101206,105056,109307,113574,118408,124737,73144,73144,73594,74967,76093,76893,77655,78737,79951,81817,69613,69613,70325,73019,75621,78164,80645,82655,84549,86268
6,Connecticut,3574097,3574114,3580171,3591927,3597705,3602470,3600188,3593862,3587685,3588184,202106,202109,201301,197965,194306,190707,188459,186567,184228,183321,222571,222572,221863,219604,217632,214705,210157,205882,202376,199435,240265,240267,239643,237952,234551,231973,228733,225034,221987,220038,250834,250832,253642,257253,257237,254325,252233,249741,247788,245081,227898,227899,229324,230121,232861,238865,244491,247295,248457,248134,214145,214147,215153,218229,219341,220885,220672,220295,220005,222575,206232,206235,207056,210879,214312,217075,218208,218628,220407,221623,222401,222403,220347,211459,207708,207094,208038,210410,213053,215791,262037,262038,260501,255790,249175,240912,230822,220234,210716,206940,291272,291273,290568,285109,278630,270817,261907,255721,250187,243944,284325,284323,285008,288084,287609,286126,284964,281217,274996,268373,240157,240160,242336,250174,258020,264565,268598,271711,273553,272267,203295,203296,204625,211827,209934,213489,219033,225390,231714,238252,149281,149280,150752,156189,169091,173708,179065,184769,190317,188250,105663,105665,106236,109334,114870,123766,130036,134872,139086,150013,89252,89252,88878,88115,88235,89424,91310,92953,95361,100084,77465,77465,77486,76749,75415,73892,72491,71691,71330,71408,84898,84898,85452,87094,88778,90142,90971,91452,92124,92655
7,Delaware,897934,897936,899712,907884,916868,925114,934805,944107,952698,961939,55886,55886,55894,55914,55989,55534,55414,55401,55187,54992,56486,56486,56426,56350,56753,56729,56645,56666,56742,56671,56848,56848,56871,57160,57105,57065,57138,57104,57381,57604,64583,64583,64084,62617,61579,60459,59768,60043,60264,60541,62867,62867,63264,65017,66169,65805,64686,62577,60604,59650,57603,57603,57758,58479,59365,61346,63966,66207,67629,68250,53814,53814,54215,55878,57418,58487,59169,59597,60272,61028,55329,55329,54872,52914,52058,52451,53677,55267,56706,57895,60758,60758,60594,60250,59342,58328,56947,55125,52967,52421,67556,67556,67439,66433,65168,63212,61520,60991,60615,59724,65998,65998,66220,66948,67371,67677,68003,67774,66916,65809,57816,57816,58325,60040,62186,63935,65565,66823,67910,68556,53113,53113,53646,56102,55584,56553,58108,60082,62349,64670,41809,41809,42078,43404,47320,49723,52362,55141,58068,58226,30644,30646,30936,32195,34079,36650,38753,40542,42102,46321,23885,23885,23884,24112,24467,25481,26619,27443,28756,30541,17195,17195,17359,17794,18102,18377,18573,18902,19194,19524,15744,15744,15847,16277,16813,17302,17892,18422,19036,19516
8,District of Columbia,601723,601766,605040,620336,635630,650114,660797,672736,684336,693972,32613,32614,33275,36231,38817,41175,42833,44169,44465,45035,26147,26148,26156,26677,28092,29758,30858,32268,34159,36123,25041,25043,24939,24821,25044,25420,25914,26346,26557,27603,39919,39925,39760,39130,38486,37574,36886,36614,36673,36919,64110,64118,63314,60811,58558,56634,55823,55043,54349,53576,69649,69654,70566,74762,78257,80246,80591,81416,82573,83447,55096,55099,56232,61194,65658,69902,72452,74986,77550,79155,42925,42932,43226,43953,45482,47841,50541,53801,57332,59943,37734,37737,38038,39409,40519,41220,41538,41605,41397,42095,38539,38541,38619,38694,38383,38088,37725,37843,38637,38821,37164,37165,37269,37660,37932,38559,38871,38763,38359,37394,34274,34275,34489,35313,35935,36612,36694,36856,37003,36638,29703,29705,30053,31498,31715,32033,32557,32972,33235,33489,21488,21488,21619,22120,23644,24794,25989,27169,28255,28021,15481,15481,15568,15937,16578,17287,18062,18724,19055,20198,11820,11820,11808,11914,12104,12354,12637,13068,13419,13903,9705,9706,9699,9519,9388,9374,9282,9279,9403,9479,10315,10315,10410,10693,11038,11243,11544,11814,11915,12133
9,Florida,18801310,18804594,18846461,19097369,19341327,19584927,19897747,20268567,20656589,20984400,1073506,1073505,1071477,1072375,1072781,1073054,1088191,1109048,1126865,1138095,1080255,1080253,1079177,1082831,1097409,1115360,1123603,1133804,1146149,1151438,1130847,1130860,1131042,1135516,1135648,1134271,1138449,1145877,1161087,1181330,1228382,1228557,1220939,1194618,1175693,1174648,1174179,1185503,1198540,1203740,1228758,1229069,1239488,1285771,1313169,1320411,1318595,1302530,1281767,1269168,1179227,1179634,1184563,1209770,1232793,1256627,1297330,1346916,1394249,1421894,1110318,1110723,1116679,1148080,1179883,1207418,1237445,1265891,1297507,1320786,1178467,1178878,1172527,1147267,1140727,1146350,1166769,1203893,1245171,1280618,1252787,1253232,1253003,1264423,1270422,1269688,1264071,1251783,1236780,1237233,1401202,1401667,1398738,1382484,1359343,1331097,1309582,1312994,1334113,1348105,1340291,1340611,1346870,1376851,1392875,1409670,1431439,1440369,1434721,1419730,1202418,1202554,1210248,1243632,1280808,1312208,1344687,1382220,1422246,1448417,1135250,1135323,1143149,1192564,1179666,1191764,1222733,1262077,1303453,1349211,959233,959270,964905,990691,1067134,1104226,1153154,1206706,1263616,1256319,768707,768715,773953,797544,831922,884733,925736,965308,1000913,1086197,615514,615520,616422,625939,640425,662760,690565,715691,744385,781063,482023,482040,484583,490965,494674,496888,499504,508723,520835,535504,434125,434183,438698,456048,475955,493754,511715,529234,544192,555552
10,Georgia,9687653,9688690,9712696,9810595,9911171,9981773,10083850,10199533,10313620,10429379,686785,686795,684785,679596,671494,661418,658572,659468,660269,660313,695161,695174,694408,694994,698869,703090,702391,701427,698738,693368,689684,689706,691546,699703,703046,705888,710130,710817,715197,722364,709999,710185,709848,703207,699103,695041,697007,707043,716597,723736,680080,680404,684352,703055,723564,728256,733521,731064,722810,718348,673935,674093,673678,674875,677475,679409,694761,713445,735430,755708,661625,661696,664203,674878,682179,685364,687413,687969,691671,697618,698059,698098,693777,672408,661405,657599,661628,673210,687135,697558,699481,699502,701416,711717,717710,716758,708775,695359,676922,669908,722661,722681,723325,718068,710091,699836,692905,697520,709984,717726,668591,668625,671679,683811,691287,698824,707102,710172,706896,701360,573551,573575,577869,593672,612126,626200,638908,653014,665419,673810,496006,496034,500963,524681,523670,529487,541073,555804,571283,589752,356007,356026,359230,372549,408346,429928,452655,474979,497123,495732,250422,250429,252936,263634,278599,299442,315870,330162,342230,375147,182735,182753,183761,189055,194302,201471,210756,219168,229110,241769,129048,129070,129878,131996,134604,136916,139541,143900,148208,152565,113823,113844,115042,118696,123301,126846,130842,135012,138598,142597
11,Hawaii,1360301,1360301,1363817,1378323,1392772,1408038,1417710,1426320,1428683,1427538,87407,87407,87766,90001,91065,91909,92451,92648,91521,90109,83361,83361,83244,83765,85175,86098,85885,86059,86578,86792,81539,81539,81505,81627,81596,82088,82159,82201,81600,81998,85994,85994,85787,83312,81229,80046,78717,78248,77690,77031,95829,95829,96726,99078,100540,101796,102023,100440,97458,93997,97302,97302,97795,99575,101104,102823,103542,105047,106402,105478,88031,88031,88668,91723,95028,98291,100239,101311,101609,101082,86756,86756,86312,85071,85567,86883,88667,91353,93409,95486,89617,89617,89647,89741,89859,89268,87750,85641,84204,83916,95787,95787,95332,93564,91147,89116,87924,87693,87462,87097,97978,97978,97851,96999,96161,95312,94226,92331,90412,87920,93340,93340,93502,94379,94917,94873,94770,94561,93584,92419,82222,82222,83045,86318,87116,88182,89100,89685,90448,90653,59170,59170,59960,63070,68157,72463,75674,78952,81612,81950,41353,41353,41764,43446,45761,48560,52313,55594,58272,62986,34675,34675,34485,34300,34146,34709,35532,36762,38215,40134,29702,29702,29762,29896,29930,29615,29209,28866,28524,28149,30238,30238,30666,32458,34274,36006,37529,38928,39683,40341
12,Idaho,1567582,1567650,1570912,1583180,1594673,1610187,1630391,1649324,1680026,1716943,121772,121772,121494,119361,116739,114655,113915,113857,115024,117037,121195,121195,121253,121357,122126,122901,123219,122828,122795,122937,116955,116955,117313,118689,119443,120691,122372,123537,125166,128315,115359,115359,115060,114167,113515,113813,115404,116963,119770,121560,108209,108209,108474,110156,111644,112572,112726,111337,111828,112737,106734,106734,106617,105917,105139,104951,106545,108310,111628,115400,102231,102232,102700,104625,105562,106861,107535,107729,108559,110319,96845,96845,96638,95814,96816,99229,102113,104939,108714,112256,94764,94764,95088,96671,97391,97473,97488,97603,97948,100362,103560,103561,103033,99885,97163,94971,94456,95623,98166,100265,104977,104977,105192,106108,105492,105151,104469,102629,100444,99107,96997,97002,97596,99496,101571,102783,103808,105154,106834,107906,83316,83318,84322,89206,90184,92469,94947,97645,100603,103841,63428,63431,63909,65876,71836,75421,79564,83994,89655,91313,46106,46114,46654,48841,51497,55376,58233,60790,63161,69539,34278,34286,34440,35332,36258,37668,39698,41266,43403,46115,25614,25626,25678,25821,26138,26675,27005,27678,28416,29327,25242,25270,25451,25858,26159,26527,26894,27442,27912,28607
13,Illinois,12830632,12831565,12841196,12862298,12878494,12890403,12882438,12862051,12835726,12802023,835577,835598,834765,824792,813134,800356,792906,786492,779202,773049,859405,859452,857426,850505,847023,841412,828182,817071,804374,790696,879448,879483,877824,871916,864356,857522,851517,840896,832114,826055,922092,922131,920192,907280,890691,874959,860124,851251,844690,836129,878964,878991,880041,885911,896485,903543,905134,897438,883088,866359,910273,910295,909791,905154,897820,895275,893886,893261,897888,903566,865684,865706,868956,880944,889101,896260,895503,887566,882292,872507,855790,855837,851422,830018,822057,824289,829423,839588,847855,851956,870100,870136,870162,873341,870084,859217,842981,821598,797501,787212,940094,940125,936166,912300,889761,867959,848121,839997,840233,834022,930785,930812,932476,938815,934238,926951,917300,899310,873569,848886,807778,807804,812908,831182,850876,867322,877507,884298,886762,879674,665429,665458,672936,707939,709671,722650,738996,756872,770727,786514,485060,485090,487999,499474,538498,558916,583914,612009,641077,641188,364475,364524,366142,374601,389562,410110,423480,434098,442947,475801,289385,289432,289008,289958,293390,299861,307702,312591,319302,331745,235381,235478,235910,235426,232548,229974,227487,226402,227953,230767,234912,235213,237072,242742,249199,253827,258275,261313,264152,265897
14,Indiana,6483802,6484125,6490029,6515358,6535665,6567484,6593182,6610596,6634007,6666818,434075,434077,433033,429031,423436,420216,419674,419769,420490,421176,444821,444812,443817,441617,442511,443609,440343,437994,434717,431782,452171,452170,452323,453227,451689,450625,449881,446002,444305,446631,475515,475572,474391,468193,459707,457372,455851,456484,457646,457089,452026,452130,453833,464838,477909,485676,489181,486836,481324,474605,419530,419537,419334,416565,414261,416039,421520,427469,437611,451628,407815,407821,409492,416356,419739,423921,422873,419943,418265,417176,417011,417019,414392,402685,397749,398986,403206,409378,416605,421637,423819,423829,424364,428277,427596,425287,419509,410843,398454,395141,473946,473945,471674,458070,445251,432637,421350,417374,420883,421091,472822,472818,473497,476623,474162,470410,467211,458633,445025,433365,418515,418514,421318,430590,439903,447972,452300,455551,457580,455176,350628,350629,354298,372333,372863,380114,388459,397753,406395,415431,259057,259064,260116,264696,285843,296862,311598,326228,342921,344058,193278,193296,194407,199501,207300,217990,225034,231234,235245,254886,151843,151869,151656,152292,153652,156940,161659,164348,169313,176128,121658,121682,121765,121198,120013,118681,117206,117034,118073,119758,115272,115341,116319,119266,122081,124147,126327,127723,129155,130060
15,Iowa,3046355,3046869,3050223,3063690,3074386,3089876,3105563,3118473,3130869,3145711,202123,202123,202007,199470,197332,195863,196270,196611,198204,198996,200646,200646,200839,201779,203679,205558,206120,206150,204349,202699,200904,200903,201165,201917,201840,202318,203025,202873,204158,206604,216837,216858,216727,216179,213680,213361,213416,214400,214682,214844,213350,213449,213861,218301,224314,229732,232903,233169,231549,229342,197843,197940,197785,196450,192940,190780,190965,191579,194534,200167,184740,184802,186088,191717,195649,198528,199879,199690,198803,195476,177148,177202,176422,173005,173412,177513,182617,188235,194004,198847,187400,187460,187314,187577,186125,183540,179929,177086,173493,174241,216482,216525,215021,206912,199364,192609,187731,185990,186315,185137,223244,223279,223409,224416,222875,220428,217231,210903,202819,195742,204393,204414,205518,208838,211541,214311,215304,216436,217464,216279,168357,168366,170411,180489,182209,186450,190762,195478,198436,201280,124365,124375,124732,126287,136559,142373,149380,157603,166876,168857,100291,100292,100454,101396,103318,107054,109622,111452,113008,122654,83387,83389,83239,83252,83335,84082,85494,86042,86997,88979,70187,70188,70109,69522,68696,67342,66118,65798,66029,66230,74658,74658,75122,76183,77518,78034,78797,78978,79149,79337
16,Kansas,2853118,2853130,2858403,2868756,2885316,2892900,2899553,2905789,2907731,2913123,205492,205494,205521,204433,203223,200865,199012,196831,194794,193139,202447,202448,202617,202906,204412,204716,203764,203352,201610,199804,198884,198884,199341,200297,200585,200751,200503,199496,199108,200285,203821,203822,204133,203132,200910,199798,199533,199830,200206,200277,204454,204456,204822,206650,214025,217538,219770,220785,218180,215302,197783,197784,198177,196616,195006,192123,190893,190718,191081,193961,179937,179937,181289,185636,190100,193181,194788,194473,192985,189826,172388,172390,171908,169021,169314,171569,174912,179462,183907,187477,174285,174286,174328,174654,174576,173081,170105,166927,164034,164290,201830,201831,200330,192134,184108,176278,170512,168813,168943,168668,204434,204435,204665,205605,203740,201403,198433,192577,184516,176887,182512,182512,183630,187260,191286,193758,194578,195064,195546,193787,148735,148734,150576,159159,160093,163681,168095,172594,176129,179857,107755,107756,108285,110545,120285,125723,131542,138161,146138,147112,82634,82634,82868,84455,86677,90711,94095,96848,98901,107945,69466,69466,69251,68838,68731,69332,70385,71140,72559,74816,56943,56943,57004,56915,56495,55851,55235,54631,54560,54748,59318,59318,59658,60500,61750,62541,63398,64087,64534,64942
17,Kentucky,4339367,4339340,4347948,4368505,4383673,4399121,4410415,4422057,4436113,4454189,282367,282363,282210,280730,277828,276329,275898,275877,276707,276883,282888,282885,282826,282890,284267,284721,282986,280762,279064,277064,284154,284149,284615,286130,285580,284869,284049,282261,282177,284346,296795,296794,296302,290593,285664,285128,283953,286185,287568,287470,289968,289968,293211,302433,311196,316104,316465,312690,306666,303192,285296,285295,285103,281750,279069,278129,281972,288035,297811,305616,280920,280916,282214,286185,286875,286913,284255,280027,276664,275380,285411,285411,283837,275890,272534,272456,274176,277629,281092,282075,291251,291248,291661,294199,294188,291385,285895,279996,271255,268165,323642,323642,322709,315071,307047,298711,290725,286823,288387,288769,319455,319453,319887,322288,321311,319857,318820,315217,307302,299321,288027,288027,289651,294719,299903,304730,307144,308840,310350,309915,250966,250964,253302,265264,263652,265866,269820,275350,279648,284644,185664,185664,186281,189093,204989,213706,224049,233874,244491,243069,139650,139649,140425,144402,149751,156324,160871,164603,167458,182324,105392,105392,105491,106671,107795,110658,114117,116826,120469,125071,78313,78313,78556,78852,78638,78423,78699,79207,80279,81272,69208,69207,69667,71345,73386,74812,76521,77855,78725,79613
18,Louisiana,4533372,4533478,4544871,4574388,4602681,4626795,4648797,4671211,4686157,4684333,314260,314260,313934,313559,310922,308125,309451,311783,312548,312038,306362,306362,306374,306843,310415,313824,313898,312768,311161,305990,306836,306836,307785,310243,310026,308892,307539,304914,304187,306171,326779,326782,324072,312533,305729,301980,299684,300891,301975,299669,338309,338317,340607,347780,352773,353840,350164,341745,329189,319682,332925,332932,334248,335877,336786,337284,341248,345851,350999,350637,295508,295515,298660,309051,317458,325263,329595,331888,331962,329050,276479,276485,276260,272413,273688,278249,285660,295056,304447,310019,288120,288125,288056,288372,287082,283496,278819,273791,268922,268429,325046,325053,323759,314829,306069,297548,288985,284466,283738,281186,329329,329332,329777,330679,328106,325964,322721,316575,307527,297888,292567,292572,294734,301379,308268,313348,315811,317827,318134,315776,242995,243000,245814,258984,259199,264061,270744,278580,284566,290415,178365,178369,179322,183073,198403,206903,216668,227213,239267,239283,133629,133634,134473,138177,143219,149725,155015,159765,163312,177136,102876,102884,102980,103900,105116,107542,110405,113044,116491,120723,77301,77311,77629,78069,78410,78001,77782,78524,79320,80313,65686,65709,66387,68627,71012,72750,74608,76530,78412,79928
19,Maine,1328361,1328362,1327568,1327968,1328101,1327975,1328903,1327787,1330232,1335907,69520,69521,69241,67629,66411,65546,64816,64248,64394,64502,74116,74116,73855,73356,73018,72382,71396,70486,69327,68426,79013,79013,78779,77958,76863,75669,74732,73873,73397,73474,88310,88310,87917,86486,84772,82931,81693,80928,80463,79404,79646,79646,79547,80100,80461,80325,79806,78534,77593,76490,72681,72685,72793,73650,74172,75154,76864,77560,78600,80100,71943,71943,71977,72952,73749,74485,74972,75628,76978,78313,79905,79905,78943,75249,73139,72572,72671,73550,75109,76900,91471,91471,91053,90013,88167,85701,82962,79632,76107,74434,107619,107617,106965,103271,99661,95685,92303,90211,89325,87947,110956,110956,110944,111416,110506,109305,107838,104994,101469,98271,102441,102441,102975,104635,106226,107520,107953,108408,108644,108161,89660,89660,90615,95272,94925,96045,97896,99660,101327,103271,65014,65014,65488,67424,74057,77902,81991,86154,90639,90592,47637,47636,47811,48975,51221,54761,57756,59960,61675,67928,38894,38894,38877,39020,39174,39956,40772,41319,42318,44249,30399,30399,30448,30571,30707,30493,30432,30506,30543,30717,29136,29135,29340,29991,30872,31543,32050,32136,32324,32728
20,Maryland,5773552,5773807,5788099,5843115,5891680,5932654,5970245,6000561,6024752,6052177,364488,364496,365305,367738,367040,365777,368493,368555,367178,366385,366868,366875,366459,366402,369797,372898,373838,373907,375261,373822,379029,379034,379081,379264,377850,376549,376722,374442,373877,376701,406241,406243,405601,402781,396978,391559,387288,386045,386349,384864,393698,393711,394966,400083,401322,403558,402744,398017,391270,386422,393548,393570,395474,402125,408129,412601,415746,418521,420691,421451,368494,368515,371551,383519,393677,402808,408177,411431,413653,416467,377409,377422,375470,365331,363596,366951,374230,383922,393892,402680,418163,418182,417266,415870,412161,403587,392968,381825,370081,366730,461585,461601,460758,453295,445135,434798,423054,417170,414557,409559,440619,440645,442600,450015,453169,454873,455949,452552,443922,434418,377989,378007,380555,390210,401847,411594,419893,426751,431944,433380,317779,317796,321057,336442,335824,341048,348108,357386,364860,374627,226596,226614,228438,235956,256796,268580,281319,293258,305992,304530,159761,159774,161053,167256,176263,188074,197036,205256,211235,229045,124579,124595,124624,125740,127467,130542,135364,139473,144994,152818,98580,98587,98750,98685,98888,98793,98829,99514,100364,101780,98126,98140,99091,102403,105741,108064,110487,112536,114632,116498
21,Massachusetts,6547629,6547808,6564943,6612178,6659627,6711138,6757925,6794002,6823721,6859819,367087,367087,367444,367247,365851,364731,364552,364111,361580,360588,385687,385694,384850,382813,381986,380750,376302,373696,372184,370299,405613,405631,404901,402712,400658,399785,398556,394807,391730,390350,462756,462804,466134,467143,463973,461115,459176,457924,456805,454957,475668,475771,478381,480465,482218,486716,491184,492593,494737,494160,441525,441525,444727,456807,468290,478516,487247,492363,495015,499621,403616,403613,405942,416729,428219,439207,447585,455352,465068,474310,418195,418196,415339,402526,397403,399421,405048,412543,420723,430635,468954,468956,467247,462492,454780,444520,432644,419401,405692,399866,515434,515433,514767,506857,497881,487245,475857,468440,463001,455142,497001,496999,498482,505277,508090,509931,511826,508445,499767,489830,432822,432819,435757,446496,459313,470886,479958,486951,492225,493492,370547,370544,374357,392280,390888,397203,406349,417635,427022,437960,264459,264466,266873,276763,303233,317124,333026,348248,363955,362368,192001,192004,192995,198036,206833,221460,232636,242912,250999,274343,162592,162593,161990,161085,161371,163296,166837,169578,173701,180971,138473,138475,138392,136930,135342,133331,131266,130393,130157,130437,145199,145198,146365,149520,153298,155901,157876,158610,159360,160490
22,Michigan,9883640,9884129,9876731,9876199,9886610,9899219,9914675,9918170,9933445,9962311,596286,596292,594157,586423,578968,574171,573923,572122,572608,573282,637784,637791,634181,624037,619177,614628,605600,598684,592918,587969,675216,675220,673337,667746,658983,650668,643846,633493,625051,622193,739599,739743,734387,715719,700335,687808,677720,672059,668241,661340,669072,669140,673932,698137,721186,734786,740382,730329,714196,702672,589583,589666,588509,585861,584443,589782,604084,625265,651828,676087,574566,574638,575198,581617,587006,591206,591231,589580,591252,593016,612493,612530,605811,578378,565731,563035,566648,574123,583608,592177,665481,665503,663802,661181,652712,639620,622008,598820,574381,563657,744581,744600,740448,718541,697625,676099,657203,649482,648522,642154,765452,765463,764643,763347,754442,743815,735696,720345,699614,680338,683186,683194,686764,699826,714364,726767,731889,733306,732628,725134,568811,568812,575216,606809,608525,619200,633382,648588,660604,675096,418625,418625,420952,430744,465509,483385,506581,531707,560236,562365,306084,306084,307568,315973,331798,353062,367011,377911,385798,416853,244085,244086,243630,244013,245527,250809,257818,262188,269481,283027,200855,200860,200870,199564,196725,193126,189757,188728,189438,191193,191881,191882,193326,198283,203554,207252,209896,211440,213041,213758
23,Minnesota,5303925,5303924,5310711,5345967,5377695,5416074,5452649,5483238,5525050,5576606,355504,355503,355205,353322,349580,348074,349603,350130,352524,355231,355536,355536,355468,357063,360833,363381,362121,361363,360827,360273,352342,352342,352519,353584,353086,354907,358147,359212,361772,367227,367829,367829,368221,367378,362629,358066,355880,355447,356518,356916,355651,355651,354529,354198,357712,362196,365092,365525,366659,364398,372686,372686,372288,371124,368087,366096,365109,363492,364571,371917,342900,342898,345422,357760,368278,377297,381915,383454,384552,385258,328190,328190,326283,318982,320118,327300,336805,348428,361825,374665,352904,352904,352199,351357,346983,340632,332639,324691,317588,319798,406203,406203,403581,389720,375723,362466,352468,347922,347027,343687,401695,401695,403028,409388,409787,408388,404152,394615,381228,367999,349589,349590,352062,360778,369178,377579,384178,390958,396519,397170,279775,279775,283586,302201,307506,316828,326871,335924,343488,351858,202570,202570,203804,208731,227058,237343,250004,264319,281304,286348,151857,151857,152916,157713,163981,173951,180682,186201,190433,206757,122114,122115,122077,123070,124636,127437,131494,134814,138698,144373,99916,99916,100092,100070,100116,99491,99051,99181,100545,102161,106664,106664,107431,109528,112404,114642,116438,117562,118972,120570
24,Mississippi,2967297,2968103,2970437,2977452,2982963,2987721,2988578,2985297,2985415,2984100,210956,210955,209921,206827,201482,196322,193138,191317,189668,187177,205672,205671,205232,205099,208178,209782,209401,206874,203278,197812,208248,208248,208377,208911,207965,206373,205206,202992,202662,205268,224619,224659,223160,216584,211891,209892,207460,207432,207820,206300,210894,211018,212570,218920,224114,228220,226433,221206,214789,209390,199082,199238,198905,196625,194342,193240,196209,198845,203622,207379,188171,188275,189352,193025,194882,196097,194598,191614,188975,186213,187368,187448,186646,181854,180177,180070,181855,184674,187475,188901,187579,187658,187830,189355,190335,189281,186510,182273,177553,175194,208369,208445,207529,201666,195427,189777,184740,183010,184609,185592,208607,208659,208771,209159,207688,206415,204624,200624,195080,189280,186569,186589,187615,191028,194947,197851,199184,199888,200523,199550,160756,160768,162356,169768,168399,169999,173301,177185,180257,184525,120523,120532,121026,123072,132739,137870,143380,149918,156685,155792,93946,93957,94309,96055,98493,102104,105009,107097,108818,118198,69876,69891,70088,71174,72311,74295,76655,78049,79705,81964,51703,51717,52001,52392,52149,51827,51592,52164,53057,54104,44359,44375,44749,45938,47444,48306,49283,50135,50839,51461
25,Missouri,5988927,5988925,5995681,6010280,6023267,6041142,6058014,6072640,6091176,6113532,390237,390238,389533,385451,381020,376664,376033,375506,374616,374479,390463,390463,390302,389686,390742,391752,389562,386899,384198,381099,396925,396925,397073,396964,394272,392284,390868,388578,388608,390672,423786,423787,422034,412987,403827,398489,395082,395361,395395,393256,413289,413289,414559,420641,429671,435087,435146,430391,422417,414417,403239,403237,403659,403347,400323,398330,401297,405413,412337,422125,372228,372230,374976,384516,391239,398429,400632,399671,399677,398738,368070,368071,365805,354916,352142,354888,360904,370199,380571,388138,380546,380546,380602,381679,379584,375646,368907,360148,349395,347436,444766,444766,441752,424428,407277,390962,378121,373164,375340,374184,443806,443805,444886,448855,447306,444863,440294,429746,413690,397700,389985,389982,392585,400816,410571,418398,423759,428987,433066,432409,333293,333294,336649,353048,352243,357693,364986,373584,381497,391846,257053,257051,257888,261011,279866,288980,300391,313146,328333,327895,193437,193437,194455,199423,207006,217838,225319,230394,233430,251437,155271,155271,155273,156019,156620,158842,162194,164831,169377,176192,118754,118754,119090,119449,119244,119308,119387,119801,120801,121509,113779,113779,114560,117044,120314,122689,125132,126821,128428,130000
26,Montana,989415,989414,990507,996866,1003522,1011921,1019931,1028317,1038656,1050493,62423,62423,62404,62034,61402,61374,61610,62088,62743,63291,60765,60765,60788,61325,62243,63227,63757,63917,63831,63540,61124,61124,61107,61355,61348,61541,61930,62397,63063,64241,66724,66723,66643,66059,64747,63980,63389,63132,63369,63440,67138,67137,67394,69049,71355,72927,73771,73691,73449,72723,64123,64123,64142,63879,63165,63215,63692,65003,66635,69217,58741,58741,59137,61080,62745,64349,65322,65532,65805,65807,55575,55575,55350,54526,55352,56948,58851,61275,63585,65735,57370,57370,57354,57804,57806,57597,56944,56283,55798,57060,71021,71020,70224,66587,63357,60476,58657,57984,58715,58965,78811,78812,78554,77717,76100,74274,72330,69819,66607,63782,75915,75915,76214,77108,77775,77887,77467,77108,76773,75851,62943,62944,63746,67845,68786,70871,72721,74110,75268,76318,46556,46556,46812,47833,52112,54633,57749,61367,65470,66623,34186,34186,34471,35746,37134,39462,41396,42793,43875,48174,25637,25637,25675,26023,26745,27650,28537,29468,30854,32221,20342,20342,20378,20443,20411,20139,20016,20106,20490,21121,20021,20021,20114,20453,20939,21371,21792,22244,22326,22384
27,Nebraska,1826341,1826327,1829956,1841641,1854862,1867414,1880920,1893564,1907603,1920076,131908,131906,131943,131410,130969,130446,130714,131728,132468,133061,128928,128926,129200,130416,131881,132992,133284,133384,133172,132685,122706,122705,123027,124324,125759,127411,128985,130123,131370,132569,128930,128930,129342,129606,128458,127731,127749,128452,129574,130545,129276,129276,129108,129548,132030,134273,137202,138777,139438,137891,129076,129075,129124,128588,126988,125359,124282,122982,123912,126618,116100,116097,117151,121059,124624,127799,129664,130202,130036,128897,110361,110359,110251,109181,109648,111927,114371,117937,121968,125551,110477,110477,110461,110988,111709,111574,110712,109904,108803,109122,128491,128490,127536,122611,117790,113308,110339,109280,109623,110194,130235,130234,130345,131059,130918,130174,128321,124535,119771,114969,117686,117686,118409,120507,122189,123895,124922,126083,126937,126606,95490,95490,96757,103024,104511,107033,109574,112096,114095,115995,68834,68834,69213,70589,76646,80353,84858,89813,95613,97080,54292,54292,54413,54946,56129,58465,60662,62515,64070,69900,46435,46434,46262,45820,45803,46108,46732,47057,47693,48946,37808,37808,37873,37860,38000,37341,36808,36560,36378,36451,39308,39308,39541,40105,40810,41225,41741,42136,42682,42996
28,Nevada,2700551,2700691,2702797,2718170,2752410,2786547,2831730,2883057,2939254,2998039,187478,187477,186554,183882,180583,178425,178904,180600,182908,185837,183077,183076,182662,181958,184135,186496,188082,190289,192155,191754,183173,183193,182893,182463,182230,183130,184404,185943,188729,193279,182600,182705,181405,176803,175548,175072,175245,176152,178429,180314,177509,177511,178537,182779,186576,186975,187251,185184,183765,183306,196644,196645,196046,195566,196829,199193,204469,211823,219140,225703,190642,190646,191026,193157,196420,199548,203043,206104,210299,214655,191652,191653,190327,184739,184028,184736,187572,193284,199642,206160,191391,191395,191869,194049,195782,195541,194500,192045,189705,190908,193790,193791,193516,191441,190532,189382,189556,192787,197899,201409,182737,182738,183246,185161,187323,189906,193368,194785,195043,194842,164575,164577,165483,168640,173796,177664,181108,184618,188629,192147,150924,150925,152071,157786,157231,159274,163182,168128,173030,178666,115501,115500,116431,120310,131710,138551,145433,153048,159703,159163,82280,82280,83122,87293,92381,99585,105596,110870,115818,127168,57503,57504,57848,59786,62400,65579,69411,73429,77407,82272,38888,38888,39149,40099,41067,42183,43435,45132,46699,48928,30187,30187,30612,32258,33839,35307,37171,38836,40254,41528
29,New Hampshire,1316470,1316460,1316700,1318345,1320923,1322622,1328684,1330134,1335015,1342795,69806,69806,69434,68062,66282,65229,64540,64259,64024,64481,77756,77755,77440,76234,75083,73792,72285,70908,70070,68926,84620,84619,84196,82689,81382,80255,79248,78205,77297,76596,93620,93617,93747,93758,92566,90741,89254,87519,86268,85385,84546,84546,84586,85357,86985,88772,90584,91104,91110,90444,73121,73121,73442,74224,74843,75756,77867,78974,80516,83116,71351,71350,71549,72637,73738,74877,76030,76925,78484,80303,82152,82152,80996,76349,73553,72477,72693,73511,75347,77299,97026,97025,96555,95143,92855,89525,85745,81528,77093,74733,113564,113564,112842,108928,105568,101480,97935,95581,94358,92327,112397,112399,112726,114296,114146,113351,112346,110238,106880,103744,96289,96290,96995,99545,102824,105208,107549,109015,110676,110710,81954,81955,82789,86818,86608,87750,90052,92817,95480,98574,57176,57171,57716,59842,66215,70068,74082,77709,81554,81368,39586,39585,39836,41291,43604,47285,50284,52444,54424,60403,31774,31773,31781,32023,32399,32903,33906,34582,35735,38055,24971,24970,25075,25244,25366,25471,25611,25804,26070,26277,24761,24762,24995,25905,26906,27682,28673,29011,29629,30054
30,New Jersey,8791894,8791953,8803708,8844694,8882095,8913735,8943010,8960001,8978416,9005644,541020,541023,540996,540030,535305,531074,530380,527648,523454,521718,564750,564752,563721,560902,560347,557909,552287,547615,545385,541681,587335,587337,586729,583924,579234,576175,574555,569171,565684,565505,598099,598101,598409,596575,590510,583333,577613,573794,570783,566987,541238,541240,542574,549963,560479,571817,578821,578729,575151,570345,553139,553139,554568,558777,560368,562327,565827,570431,576785,587603,556662,556668,558518,565552,571276,576105,578352,577521,581563,583470,588379,588382,584988,568999,563453,563961,567509,573490,579698,586937,649918,649923,647934,642350,633325,620282,605704,588951,572898,566757,704516,704524,703230,692235,678983,663126,647516,638154,632093,623207,674680,674688,676878,685027,687641,688794,687987,681738,669455,656026,565623,565632,570166,586926,606104,622852,635844,645751,652439,653261,480542,480547,484172,501962,498233,505447,517530,532704,547119,563544,350972,350973,353949,365633,395016,407780,423678,439689,454952,450772,260462,260463,261486,267482,278879,296121,307347,317343,326904,351672,215715,215716,215003,214048,214573,217907,222602,226899,231736,241391,179233,179234,179369,178768,177476,174628,172149,170267,169834,170700,179611,179611,181018,185541,190893,194097,197309,200106,202483,204068
31,New Mexico,2059179,2059207,2064607,2077744,2083590,2085161,2083207,2082264,2085432,2088070,144981,144984,144719,143761,140740,137556,134524,132090,129757,128145,143308,143311,143497,144019,144560,144449,143211,141354,139411,136656,141691,141692,142005,142612,142454,141906,140814,139834,139315,139656,149861,149861,149429,146400,143381,140819,139332,138984,139299,138977,142370,142372,143512,147344,151143,152893,152717,150181,147192,143802,139678,139680,140219,141132,140781,140316,140078,140587,142242,144142,127567,127568,128664,132008,134818,137162,138268,137987,138482,137790,123303,123308,123182,121277,120806,120978,122372,124829,127499,130041,125220,125222,125301,125759,125055,123831,121096,118573,116354,115914,144839,144841,143678,137766,131753,126345,122328,120107,120319,119759,147170,147171,147387,147767,146530,144694,142118,137643,131642,125897,136799,136802,137417,139244,140456,140858,140465,141003,141325,140594,120137,120137,121448,126978,126686,127661,128928,130451,132288,134096,87890,87890,88501,91377,98922,103713,108818,114085,119481,120031,65904,65905,66435,68461,70964,74468,77302,80478,83162,90765,50230,50230,50387,51202,52082,53712,55663,56921,58667,61067,36238,36240,36496,37185,37856,38075,38296,38978,39870,40747,31993,31993,32330,33452,34603,35725,36877,38179,39127,39991
32,New York,19378102,19378110,19405185,19526372,19625409,19712514,19773580,19819347,19836286,19849399,1155822,1155820,1159945,1171596,1175261,1179308,1184210,1185054,1173740,1164406,1163955,1163956,1161842,1156341,1154906,1151495,1139933,1136234,1137832,1135051,1211456,1211455,1208574,1199547,1188453,1180041,1171939,1158856,1147239,1141288,1366278,1366283,1359712,1334179,1309570,1284560,1260108,1245837,1234767,1221982,1410935,1410935,1415036,1435644,1444448,1445527,1439030,1412001,1385564,1364312,1380177,1380175,1385785,1412334,1433843,1457773,1482148,1504783,1520019,1525983,1279160,1279159,1285430,1313933,1338241,1362338,1376050,1385178,1399361,1410936,1254124,1254124,1247418,1218739,1215019,1223458,1236787,1255079,1271720,1285962,1355893,1355895,1352712,1345040,1326068,1297210,1263188,1227195,1191313,1179875,1458763,1458765,1455915,1434927,1409089,1378152,1345917,1328575,1314654,1290735,1419928,1419931,1423524,1437521,1437613,1438121,1436832,1421615,1395719,1366475,1237408,1237407,1244352,1270981,1302936,1331831,1353662,1372283,1380510,1376173,1066260,1066259,1075550,1120965,1117066,1130340,1149690,1174948,1197110,1224028,773211,773213,778738,800988,864384,898756,940603,981814,1020396,1015991,587391,587390,589903,602381,623397,654896,677609,697646,715509,768957,474807,474808,474014,475059,479718,488664,499911,509424,519703,537460,391660,391661,392219,390871,387573,383184,379506,378072,379738,383442,390874,390874,394516,405326,417824,426860,436457,444753,451392,456343
33,North Carolina,9535483,9535721,9574247,9662940,9755299,9849812,9941160,10041769,10156689,10273419,632040,632042,630781,625911,616379,608019,604214,602689,605906,609713,635945,635947,635175,635520,640467,644385,643709,641714,638034,633050,631104,631104,633347,642925,648148,650496,652365,650400,651533,658662,659591,659591,661849,655406,651391,650948,652075,661201,670991,676444,661573,661576,673467,685366,699317,709915,711403,709610,703093,696993,627036,627048,630037,632110,633985,642229,656737,674556,696924,715729,619557,619562,621780,629215,633191,638005,639818,640362,646663,654518,659843,659853,655587,634332,625358,623337,626472,633716,644789,652364,667308,667328,670061,682902,689116,687758,679125,664795,644902,638314,698753,698783,698592,691187,683583,675733,670091,676207,691252,698179,669893,669917,672360,682274,688260,694328,700429,700188,693833,687330,600722,600742,605232,619968,635588,649134,659344,671487,682250,689415,538039,538055,542772,566918,564871,572244,585078,600496,615938,632263,403024,403041,406487,420246,459083,481118,504899,527920,552896,552346,294543,294547,296618,306108,321209,343311,361274,377388,391259,429135,223655,223678,224952,230997,235637,242597,250666,257227,266365,280637,165396,165410,166065,167304,169285,170858,173109,177397,182460,186382,147461,147497,149085,154251,160431,165397,170352,174416,177601,181945
34,North Dakota,672591,672585,674518,684830,701380,722908,738658,754859,755548,755393,44595,44595,44817,45699,47338,49268,51359,53486,54091,54043,40076,40076,40388,41907,44171,46730,48353,49646,49572,49424,39790,39790,39795,39936,40621,41662,42977,44494,45459,46486,47474,47474,47485,47440,47242,48187,48161,48347,47847,47367,58956,58951,59053,61081,64525,68058,69341,69556,67002,64891,49596,49596,49980,51136,52513,54579,57153,60229,60459,60594,40889,40889,41399,43729,46620,50074,52050,54110,54437,53659,37065,37065,37056,36974,38477,40748,42917,45348,46947,48502,38197,38196,38152,38330,38648,39268,39433,39887,39369,39644,46380,46380,45939,43929,42448,41330,40492,40340,40046,39436,50277,50277,50211,50205,50133,49977,49170,47826,45222,42858,45946,45946,46317,47497,48296,49255,49972,50419,50160,49436,35873,35873,36288,38519,39560,41108,42580,44149,45200,45845,26028,26028,26204,26892,28983,30185,31493,33078,35074,36014,20845,20845,20818,20849,21026,21780,22523,23277,23858,25736,18368,18368,18302,18167,17994,17903,17918,17784,17838,18206,15548,15548,15528,15384,15245,14974,14722,14603,14562,14603,16688,16688,16786,17156,17540,17822,18044,18280,18405,18649
35,Ohio,11536504,11536730,11539282,11543332,11546969,11567845,11593741,11606027,11622554,11658609,720856,720856,718543,708955,699551,695626,696464,697117,697626,698780,747889,747889,745256,737834,735397,733183,727680,721840,714836,709211,774699,774698,773903,771400,765791,759342,754244,744688,738065,737946,823682,823682,821424,805589,788738,779006,772168,770402,768480,767484,763116,763118,766644,780725,794859,801772,798602,788353,776389,765382,718630,718637,718754,718169,718074,727610,745814,761941,778917,796439,691329,691334,693909,705562,712724,719269,720584,720025,722567,727322,718462,718465,712004,683543,670681,670807,678771,689891,703821,715051,761369,761374,761055,762780,756094,744268,725883,703744,676904,666167,855134,855145,850229,822448,797176,773629,754167,746746,749156,744174,887057,887076,886770,886130,873963,858204,845054,825531,798231,775242,786857,786866,791436,806644,824015,839374,846747,848085,847499,836488,665409,665417,673382,708935,705838,714216,727486,744486,758502,775787,478864,478870,480332,488263,530833,554581,585149,616557,648831,646774,371370,371384,372721,380033,392729,410899,421157,428493,435155,473817,297519,297538,296797,296664,298845,305140,312113,315405,322131,333531,243833,243866,243859,242115,238136,233423,230400,229485,230150,232584,230429,230515,232264,237543,243525,247496,251258,253238,255294,256430
36,Oklahoma,3751351,3751598,3759529,3785232,3815298,3849840,3875008,3904353,3921207,3930864,264126,264125,264671,265154,264357,265280,265135,266780,265345,263740,259336,259339,259890,261755,265265,269081,270073,271045,271260,268902,253664,253683,254540,257659,259828,261472,263308,264551,266009,267982,264484,264499,263483,258576,255141,255582,256960,260325,262646,263821,269242,269246,270506,276917,284875,288904,288833,286062,279706,274716,265737,265739,265794,265943,264866,264508,266680,271239,276587,280561,241018,241017,242550,249584,256576,264397,268136,269102,268733,265035,232742,232739,231985,228647,229308,232428,236836,243763,250223,255738,228195,228204,228853,232386,234763,235720,234394,232139,228362,227470,261242,261246,259630,250001,240815,233000,227656,227372,230435,232227,264369,264377,264817,266058,265129,264115,261922,255625,245979,236553,235969,235979,237539,242347,247851,251960,253426,255770,257138,256154,204513,204531,206262,214568,212822,215883,220468,225931,230330,235142,159392,159407,160030,161876,173251,178537,183869,190128,197882,196667,121075,121092,121709,124427,128395,133750,138186,141544,143638,154064,95051,95084,95207,95965,96773,98271,100440,102095,104288,107742,69284,69313,69562,69670,69840,70388,70944,71660,72350,72983,61912,61978,62501,63699,65443,66564,67742,69222,70296,71367
37,Oregon,3831074,3831072,3837073,3865845,3893920,3919664,3960673,4016537,4085989,4142776,237556,237556,237559,235817,233083,230745,230869,231774,234147,235968,237214,237214,236946,237140,238944,240259,241076,242898,243865,243265,242553,242553,242514,242257,240649,239556,240234,240284,242344,245990,254860,254860,253338,248822,246257,243565,243643,245042,246868,246771,253048,253048,254356,260671,265213,266740,267333,265846,265291,264707,265033,265033,264746,264402,262392,262285,266750,275232,288161,297253,259111,259111,260161,265469,270404,273936,277342,281015,287130,289779,251163,251163,250403,247499,249583,254049,259973,269059,279031,287529,248362,248362,249481,254855,257571,257642,256244,255228,255099,259645,262879,262879,261601,254649,248949,244999,245400,251376,259474,263479,276196,276196,275877,274643,271432,268041,265220,261129,256110,251977,273423,273423,274148,276048,277346,276017,273433,273353,274266,272242,236143,236142,239087,252896,253833,259428,265032,269759,272913,275354,169847,169847,171412,177893,195931,206471,218690,231795,245881,247305,120194,120194,121497,127029,133829,144087,152553,160339,166683,184418,91601,91600,91612,92566,94609,97671,102240,106732,111780,118126,74019,74019,73982,73352,72770,72235,72086,72537,73597,75533,77872,77872,78353,79837,81125,81938,82555,83139,83349,83435
38,Pennsylvania,12702379,12702857,12711063,12742811,12768034,12778450,12790341,12791124,12787085,12805537,729538,729535,729083,725473,720992,714936,714465,713910,710518,708829,753635,753633,752239,749133,749226,747227,741291,737097,732457,728973,791151,791182,789610,784856,777851,772225,767968,759505,753959,755134,905066,905236,901420,885316,867102,850499,837046,829601,823103,816354,874146,874173,876417,887924,893432,891338,880641,863044,846670,831604,781527,781561,785407,799101,811368,825628,843973,857725,864174,871354,729592,729607,733810,752200,768787,781967,790206,796204,806499,817235,764287,764311,757760,728900,717110,717320,724989,738700,754111,769813,851382,851403,849324,844304,831197,811113,785877,757085,727058,715628,955763,955784,951761,926514,902912,878294,854166,839482,832542,818610,984641,984657,984970,986654,975501,960365,948146,930386,903937,880498,879048,879053,884679,904058,923746,939435,947389,950625,949593,937815,743296,743304,751680,789942,787017,799878,818756,839873,856060,874003,553002,553009,554970,565028,613288,635615,664396,696151,730071,727190,426536,426543,427757,434623,449126,473220,488553,499281,507775,552094,362332,362346,360519,356081,354314,358058,364077,366729,373115,385514,311761,311782,311389,307555,301907,293388,286699,282462,280051,279460,305676,305738,308268,315149,323158,327944,331703,333264,335392,335429
39,Rhode Island,1052567,1052945,1053169,1052154,1052761,1052784,1054782,1055916,1057566,1059639,57448,57448,57282,56408,55722,54983,54878,54731,54715,54761,60440,60441,60373,60056,59528,58863,57736,56745,56044,55555,63824,63825,63580,62770,61918,61316,60805,60380,60016,59426,80046,80049,79643,77759,76563,74915,74233,73549,72920,72466,82167,82290,82634,83799,83831,82800,81971,80836,79597,78860,65799,65905,66049,66695,67975,69807,72257,74381,76168,76419,61163,61187,61536,62864,64080,65225,66239,66854,67665,68727,63730,63733,63160,60582,59455,59445,59922,61078,62758,64303,73130,73132,72756,71447,69523,67405,65130,62626,60220,59189,81300,81304,81032,79009,76874,75062,73027,71421,70092,68254,81050,81049,81103,81386,81015,80137,79531,78774,76888,75146,70634,70638,71238,73124,75205,76709,77557,77811,78073,77761,59955,59956,60393,62616,62054,63332,64912,66976,68835,70817,42802,42802,43183,44670,48755,50376,52646,54827,57128,56949,31077,31078,31200,31902,33279,35521,37185,38625,39910,43461,26645,26650,26472,26051,26105,26263,26599,26971,27613,28775,24607,24619,24505,23775,23030,22289,21690,21098,20844,20906,26750,26839,27030,27241,27849,28336,28464,28233,28080,27864
40,South Carolina,4625364,4625381,4635834,4672744,4719009,4765862,4824758,4892423,4959822,5024369,302297,302294,301642,298873,294751,290518,289522,290566,291874,293653,295853,295849,295713,296324,301063,304879,307810,310046,310211,307937,297286,297291,297921,300673,302278,303342,304764,304985,307393,313782,328989,329016,327041,318644,313402,310400,310606,315493,320090,322209,332494,332494,334638,343320,351172,354457,352731,346831,340016,334881,304378,304377,304562,303839,305007,309129,319308,332035,343416,351315,287678,287678,289339,295129,298855,303182,305899,307953,311120,314192,296682,296680,294880,285551,283042,283968,288196,295168,304173,310446,304610,304607,304980,307695,309860,309591,306781,302009,294898,293707,332766,332767,332287,327123,321524,315735,310756,311511,315897,319592,326662,326662,327624,331224,332424,334290,337852,337901,334980,330742,303240,303238,304900,310279,317061,322678,327255,332581,338289,340802,280555,280552,283085,295577,293235,296398,302758,310850,317923,326534,215561,215562,217348,224746,245336,257068,270594,284815,299856,298594,153482,153485,155115,162219,171488,184234,195076,204785,212677,234956,113248,113247,113955,117430,120505,124684,129559,134973,142004,150856,78866,78865,79351,80546,82052,83306,85276,88110,91083,93798,70717,70717,71453,73552,75954,78003,80015,81811,83922,86373
41,South Dakota,814180,814197,816227,823338,832576,842513,849455,854036,861542,869666,59621,59625,59800,59956,59719,60130,60677,60978,61450,61759,55531,55532,55825,56956,58582,60033,60234,60440,60349,60372,53960,53960,54021,54149,54283,55131,55997,56657,57862,59303,57628,57628,57812,57750,57113,56707,56712,56423,56537,56675,57596,57597,57572,58140,59536,60603,60719,60543,60480,59550,55570,55573,55694,55866,56053,56164,56274,55964,56156,57257,49859,49860,50339,52149,53838,55513,56300,56295,56410,56348,45766,45767,45715,45575,46306,47571,48938,50880,52818,54536,47346,47347,47290,47338,47578,47276,46728,45992,45697,46458,57519,57519,57048,54494,52491,50178,48366,47499,47507,47425,59399,59401,59437,59778,59795,59533,58789,56633,54289,52109,54231,54231,54643,56002,57330,58189,58490,59120,59491,59476,43573,43575,44222,47472,49130,51125,52960,54431,55783,56774,31944,31945,32130,32906,35674,37732,40299,43394,46850,48277,25683,25683,25674,25648,26114,27478,28483,29228,30114,32952,21724,21724,21662,21581,21436,21437,21648,21697,21762,22463,18004,18004,18021,17959,17785,17688,17349,17177,17242,17151,19226,19226,19322,19619,19813,20025,20492,20685,20745,20781
42,Tennessee,6346105,6346295,6355882,6396281,6450632,6490795,6540007,6590726,6649404,6715984,407813,407817,407099,403602,402601,399904,400535,403213,406292,408644,412181,412184,411833,411858,414983,417989,418242,416781,415240,414037,418941,418946,419329,421709,422363,422103,421715,420164,421197,425460,437186,437189,435002,427137,421562,417793,417313,419896,423138,424972,426244,426244,428914,441236,455012,461000,462315,457872,451415,447062,417683,417684,417771,417353,419888,423344,434842,449741,467579,483349,406314,406318,408070,414990,420602,424577,426551,426183,429089,432647,423622,423624,420596,407163,402860,402127,405526,412258,420664,427515,430508,430513,431304,437066,440229,439427,433239,423694,410462,407049,467087,467090,466260,458328,449407,438914,431634,431781,438700,442663,459349,459350,459925,462656,462457,462883,464844,462257,455728,448936,414991,414996,417498,426041,436090,442832,446113,450388,453894,454707,370724,370727,373929,389822,385585,388024,394390,403455,411809,422341,280538,280543,282079,288157,312061,324667,339073,352540,367481,364188,206536,206556,207773,213752,223125,236042,245591,253245,259145,281961,154517,154532,155215,158339,160762,165138,170644,175556,181051,189892,111954,111986,112460,113763,115013,115616,116525,118235,120836,122658,99917,99996,100825,103309,106032,108415,110915,113467,115684,117903
43,Texas,25145561,25146100,25241648,25644424,26078327,26479279,26954436,27454880,27904862,28304596,1928473,1928472,1929743,1935932,1935462,1936629,1959182,1986658,2009215,2031625,1928234,1928235,1930855,1947825,1974486,1998175,2013648,2031225,2043113,2041346,1881883,1881884,1888643,1918989,1942214,1968155,1996287,2016756,2037356,2065071,1883124,1883248,1883389,1881855,1883475,1893891,1914209,1947826,1981055,2004901,1817079,1817208,1827203,1871389,1926390,1961384,1992517,2004245,1999984,1991523,1853039,1853059,1858578,1881125,1903079,1925170,1970022,2023128,2072691,2116217,1760434,1760440,1771960,1820378,1870988,1919575,1963075,1995830,2026770,2045823,1763587,1763596,1762326,1749228,1757167,1775819,1812399,1869494,1925467,1975264,1694795,1694795,1703702,1747993,1787056,1808704,1823315,1828433,1821174,1829485,1760467,1760473,1757791,1738592,1720344,1705086,1705675,1737208,1786618,1825100,1674869,1674876,1682725,1712915,1732266,1746828,1760428,1757360,1740367,1720765,1422924,1422930,1435405,1483810,1538683,1579713,1616647,1654852,1684415,1700705,1174767,1174779,1188366,1250644,1264333,1296648,1338603,1387133,1433996,1484059,853100,853118,859889,890431,970200,1020653,1071986,1126570,1185889,1196426,619156,619174,624345,647338,675881,716318,754933,789522,817204,892810,477245,477276,478730,488505,498568,512725,528629,543986,565146,590935,347206,347246,349277,355645,361760,366436,372043,379913,388409,397150,305179,305291,308721,321830,335975,347370,360838,374741,385993,395391
44,Utah,2763885,2763889,2775260,2815430,2854222,2899961,2938671,2984917,3044321,3101833,263924,263923,264315,262407,258418,256069,253861,252466,253338,255200,249572,249571,250345,253761,257539,260505,260759,261412,261612,259180,227951,227951,229465,234973,239217,244660,248941,252337,256862,262151,221090,221091,220376,218209,218385,222197,225123,230695,236955,242153,226519,226524,227859,234859,242343,247309,248616,250247,251244,253676,229554,229552,228696,222954,216658,213938,215513,219575,230094,240114,216133,216133,217694,223000,225661,226906,225403,222560,220206,217309,178401,178401,179692,184353,192113,201169,209164,217526,224560,228819,154074,154074,155540,161941,166758,171463,175473,179619,185094,193728,154831,154833,154473,151708,150096,149036,150649,155266,162027,167480,152133,152133,152644,154719,155294,155656,155167,153343,151117,150052,133122,133122,134375,138753,143176,146500,148640,151211,153539,154678,107119,107119,108650,115545,117824,122285,127095,131982,136872,141721,79480,79480,80085,82572,89933,94474,99572,105743,113009,115544,58744,58744,59205,61253,64112,68445,72467,75636,78302,85717,45835,45835,46010,47065,48170,49683,51285,52890,55038,57748,34412,34412,34572,35069,35536,35967,36409,37112,38085,39288,30991,30991,31264,32289,32989,33699,34534,35297,36367,37275
45,Vermont,625741,625741,625842,626210,625606,626044,625665,624455,623354,623657,31952,31952,31957,31530,30978,30644,30656,30543,30266,30035,34654,34654,34517,34163,34059,33675,32963,32421,31903,31503,37637,37638,37493,36996,36308,35766,35203,34467,33995,33970,46012,46012,46120,46034,45378,44669,44059,43357,42755,41866,43851,43850,43899,44032,44506,45411,46312,46799,46700,46304,35441,35441,35466,35505,35422,35608,35572,35742,36217,36646,34181,34182,34308,35089,35518,36014,36214,36040,36068,36334,36358,36358,35953,34412,33790,33949,34086,34575,35161,35966,42001,42002,41819,41158,40088,38910,37395,35911,34270,33685,50110,50110,49677,47521,45653,43620,42027,40939,40401,39500,52493,52491,52489,52377,51590,50571,49467,48133,45957,44150,48739,48739,48909,49481,50112,50518,50697,50290,50260,49497,41234,41234,41696,44072,44091,44684,45402,46199,46599,47332,29390,29390,29613,30529,33471,35031,36865,38510,40449,40502,20148,20148,20352,21285,22302,24092,25368,26637,27420,30164,15960,15960,15941,16021,16133,16495,16885,17301,18164,19145,12783,12783,12772,12796,12732,12647,12542,12552,12627,12786,12797,12797,12861,13209,13475,13740,13952,14039,14142,14272
46,Virginia,8001024,8001043,8025206,8107548,8188656,8261689,8316902,8366767,8414380,8470020,509625,509627,510450,511867,511589,510510,511371,511782,511889,511674,511849,511852,512405,514663,519357,522862,519512,518510,517318,515223,511246,511247,512250,516410,518627,520688,522662,520774,521365,524468,550965,550967,550540,546326,542293,538432,535718,536570,538830,539939,572091,572093,573677,581685,587331,593854,596502,592834,586918,582807,564342,564343,566651,573586,577547,581155,585551,590288,594304,600684,526077,526082,530554,547296,561932,573771,579362,579837,581858,584586,540063,540062,537664,524314,522041,526558,534021,545661,558616,569434,568865,568864,569320,572101,572435,567562,557230,544934,529474,524298,621155,621155,620252,610033,598638,584782,570714,565694,566676,565582,592845,592846,594966,603035,606788,610104,611973,607527,595743,583421,512595,512597,516428,529729,545160,557731,565925,573799,580305,582522,442369,442371,446425,465628,462414,467915,477618,489317,500961,513954,320302,320303,322839,333245,363594,380154,397629,414737,431963,428765,229502,229506,231541,240363,252271,269264,282737,294018,303620,330753,173929,173927,174321,177271,181367,186888,194256,200941,208818,219406,130801,130801,131377,132436,133447,134557,135599,137573,140626,143970,122403,122400,123546,127560,131825,134902,138522,141971,145096,148534
47,Washington,6724540,6724545,6741386,6819155,6890899,6963410,7046931,7152818,7280934,7405743,439657,439657,440925,444307,443517,442649,443763,445894,451668,458213,429877,429877,430071,433160,439789,446500,449817,455163,460830,463282,438233,438234,438630,439634,438372,437660,438516,439824,444445,453321,462128,462129,459340,448777,441903,439297,438037,440184,443886,444646,461512,461512,463498,477528,486814,491302,491564,487088,482574,479223,480398,480398,481298,487035,489395,494903,508745,527228,550150,571834,453383,453383,456503,470904,484544,496871,508363,519362,533913,545545,448607,448608,446713,438835,440980,448780,459723,476078,496698,517003,459698,459698,461387,469640,471320,467257,460376,454297,450054,456046,492909,492909,490784,478284,467280,457857,454962,461665,472049,477243,495296,495296,495971,498563,497277,495903,493233,486944,476695,467452,453078,453078,455905,465884,475291,480440,483214,487483,491829,492542,382087,382087,386573,407817,409624,419415,430733,443103,454167,464351,270474,270476,273423,285239,313998,330611,348444,367778,389008,391452,186746,186746,188650,196917,208070,223650,238524,252239,263426,290311,142068,142068,142184,144111,147458,152801,159252,165597,173396,183278,111118,111118,111422,112102,112233,112246,112491,113771,115598,118584,117271,117271,118109,120418,123034,125268,127174,129120,130548,131417
48,West Virginia,1852994,1853006,1854315,1854891,1855360,1852333,1847624,1839767,1828637,1815857,104060,104060,103989,103468,103238,102720,102387,101965,100477,98484,106016,106014,106039,105675,105975,105904,105100,104219,103311,102025,109045,109044,109075,108762,108442,107864,107372,106160,105204,104697,120092,120091,119243,116076,113631,112229,111055,110235,109299,108132,117204,117204,118235,122189,124886,125996,125317,122065,118148,114985,108444,108445,108406,107290,106523,105736,107289,109825,112394,113337,112254,112252,112579,113504,113304,112564,110251,107110,104936,102733,117136,117135,116470,113162,111445,110756,110966,111411,111518,110256,120358,120357,120500,121382,121212,120231,118021,115152,110773,108588,132924,132925,132478,128883,125829,122439,119287,117961,118177,117570,143232,143232,142816,141246,137931,134431,131388,128442,124522,121351,139368,139366,139570,139451,139851,139815,138822,137038,135041,131325,125457,125459,126754,132697,131411,131506,131196,131267,130565,130775,91728,91726,91984,93123,100820,105166,110979,116063,121191,119745,71792,71794,72081,73245,75057,77832,79429,81138,81840,88789,54725,54728,54679,54920,55820,57269,58872,59254,60494,61795,43238,43244,43182,42737,41938,40999,40399,40403,40767,41460,35921,35930,36235,37081,38047,38876,39494,40059,39980,39810
49,Wisconsin,5686986,5687288,5690403,5705812,5721075,5736673,5751272,5759744,5772917,5795483,358443,358443,357791,353649,348658,343697,340957,337761,336560,335888,368617,368617,367916,366885,367561,367186,364099,361915,357487,353389,375927,375927,375751,375340,373718,372315,371275,368540,367281,368569,399209,399209,399273,396689,390977,386365,383203,382367,381441,380230,386552,386554,385944,387412,394675,401869,407189,408139,406570,401781,372347,372347,372100,369601,364400,359643,357448,355050,357066,365520,349347,349347,351261,359750,365944,370847,372274,370667,369407,365840,345328,345327,342861,332813,331551,335187,341635,349736,358416,365703,380338,380339,378901,374706,366603,358066,348298,338710,328915,328433,437627,437627,435081,421233,407579,393485,380175,372126,368074,360999,436126,436130,437175,442509,442102,439202,434740,425483,411683,399236,385986,385992,388400,396624,404786,413220,418568,423396,428373,428373,313825,313829,317750,337436,342086,351107,361153,370982,378659,386965,227029,227039,228500,234446,254483,265861,281114,297341,315734,321017,173467,173483,174036,177366,183652,193937,200955,207789,213275,231392,141252,141287,140948,140991,142253,144948,148879,150468,153728,159791,117061,117110,117358,117314,116253,114444,112360,111618,112104,113509,118505,118681,119357,121048,123794,125294,126950,127656,128144,128848
50,Wyoming,563626,563767,564376,567602,576608,582341,583334,586102,584910,579315,40203,40203,40187,39668,39045,38754,38418,38377,37882,37031,37213,37213,37389,38207,39432,40248,40721,41028,40309,38858,35955,35955,35987,36140,36500,36873,37216,37752,38433,38774,38142,38142,37857,36929,36905,37309,36580,36739,36413,36116,40318,40318,40366,40914,42410,43142,42866,41682,40270,38243,41276,41276,41315,41185,41297,40814,40933,40937,40357,39511,36373,36373,36680,37981,39601,40799,41191,41465,41305,40003,33861,33861,33755,33289,34121,35108,35896,37313,38126,38428,33105,33105,33163,33620,34229,34184,33968,33606,33244,33191,39472,39471,39008,36773,35591,33989,32742,32654,32867,32749,44105,44106,43967,43562,42832,42023,40275,38229,35878,33950,40946,40948,41166,42008,43108,43299,42888,42519,41946,40525,32567,32568,32997,35081,35737,37029,37704,38645,39541,40329,22974,22985,23151,23761,25988,27299,28895,30574,32361,32650,16594,16600,16692,17200,17917,18974,19782,20542,21233,23294,12492,12501,12487,12688,12833,13264,13738,14196,14614,15241,9428,9450,9462,9610,9818,9619,9545,9618,9699,9913,8602,8692,8747,8986,9244,9614,9976,10226,10432,10509
51,Puerto Rico,3725789,3726157,3721525,3678732,3634488,3593077,3534874,3473177,3406520,3337177,224756,224813,222319,213461,204487,195598,184598,172388,160416,147970,240004,240020,238054,228909,221979,215357,207650,198778,187888,177739,268571,268586,267469,259845,249569,238977,228653,216942,206363,198257,284259,284320,282899,274958,267919,260427,250224,242640,234086,222678,260850,260957,262165,264093,263725,262649,257907,249284,240382,232150,244159,244167,242469,233990,227647,224397,223066,224972,225459,223828,248173,248179,247783,243564,237515,230016,220509,208538,198539,190755,241270,241276,240281,234603,230777,228535,224052,220875,215264,207678,242258,242258,241688,237765,234064,230386,225482,219515,212952,208209,247986,247990,247830,245772,242010,236261,229366,224106,219456,214945,239821,239829,239775,238218,236017,235597,234470,231736,228743,224402,223607,223612,223990,224719,225838,226059,225052,224408,222191,219484,218077,218088,217919,215591,211862,209708,209069,208673,209556,210332,175411,175425,177414,184524,191040,196264,198883,200781,198935,195563,136251,136267,137016,139945,144092,149059,153414,158304,165391,171623,100740,100753,101499,104020,106827,109950,113389,116297,119217,123063,67000,67009,67567,69339,71076,72950,75370,78757,81577,84508,62596,62608,63388,65416,68044,70887,73720,76183,80105,83993
