GEO.id,Id
GEO.id2,Id2
GEO.display-label,Geography
HC01_EST_VC01,Total; Estimate; Total population
HC01_MOE_VC01,Total; Margin of Error; Total population
HC02_EST_VC01,60 years and over; Estimate; Total population
HC02_MOE_VC01,60 years and over; Margin of Error; Total population
HC01_EST_VC03,Total; Estimate; SEX AND AGE - Male
HC01_MOE_VC03,Total; Margin of Error; SEX AND AGE - Male
HC02_EST_VC03,60 years and over; Estimate; SEX AND AGE - Male
HC02_MOE_VC03,60 years and over; Margin of Error; SEX AND AGE - Male
HC01_EST_VC04,Total; Estimate; SEX AND AGE - Female
HC01_MOE_VC04,Total; Margin of Error; SEX AND AGE - Female
HC02_EST_VC04,60 years and over; Estimate; SEX AND AGE - Female
HC02_MOE_VC04,60 years and over; Margin of Error; SEX AND AGE - Female
HC01_EST_VC06,Total; Estimate; Median age (years)
HC01_MOE_VC06,Total; Margin of Error; Median age (years)
HC02_EST_VC06,60 years and over; Estimate; Median age (years)
HC02_MOE_VC06,60 years and over; Margin of Error; Median age (years)
HC01_EST_VC09,Total; Estimate; RACE AND HISPANIC OR LATINO ORIGIN - One race
HC01_MOE_VC09,Total; Margin of Error; RACE AND HISPANIC OR LATINO ORIGIN - One race
HC02_EST_VC09,60 years and over; Estimate; RACE AND HISPANIC OR LATINO ORIGIN - One race
HC02_MOE_VC09,60 years and over; Margin of Error; RACE AND HISPANIC OR LATINO ORIGIN - One race
HC01_EST_VC10,Total; Estimate; RACE AND HISPANIC OR LATINO ORIGIN - One race - White
HC01_MOE_VC10,Total; Margin of Error; RACE AND HISPANIC OR LATINO ORIGIN - One race - White
HC02_EST_VC10,60 years and over; Estimate; RACE AND HISPANIC OR LATINO ORIGIN - One race - White
HC02_MOE_VC10,60 years and over; Margin of Error; RACE AND HISPANIC OR LATINO ORIGIN - One race - White
HC01_EST_VC11,Total; Estimate; RACE AND HISPANIC OR LATINO ORIGIN - One race - Black or African American
HC01_MOE_VC11,Total; Margin of Error; RACE AND HISPANIC OR LATINO ORIGIN - One race - Black or African American
HC02_EST_VC11,60 years and over; Estimate; RACE AND HISPANIC OR LATINO ORIGIN - One race - Black or African American
HC02_MOE_VC11,60 years and over; Margin of Error; RACE AND HISPANIC OR LATINO ORIGIN - One race - Black or African American
HC01_EST_VC12,Total; Estimate; RACE AND HISPANIC OR LATINO ORIGIN - One race - American Indian and Alaska Native
HC01_MOE_VC12,Total; Margin of Error; RACE AND HISPANIC OR LATINO ORIGIN - One race - American Indian and Alaska Native
HC02_EST_VC12,60 years and over; Estimate; RACE AND HISPANIC OR LATINO ORIGIN - One race - American Indian and Alaska Native
HC02_MOE_VC12,60 years and over; Margin of Error; RACE AND HISPANIC OR LATINO ORIGIN - One race - American Indian and Alaska Native
HC01_EST_VC13,Total; Estimate; RACE AND HISPANIC OR LATINO ORIGIN - One race - Asian
HC01_MOE_VC13,Total; Margin of Error; RACE AND HISPANIC OR LATINO ORIGIN - One race - Asian
HC02_EST_VC13,60 years and over; Estimate; RACE AND HISPANIC OR LATINO ORIGIN - One race - Asian
HC02_MOE_VC13,60 years and over; Margin of Error; RACE AND HISPANIC OR LATINO ORIGIN - One race - Asian
HC01_EST_VC14,Total; Estimate; RACE AND HISPANIC OR LATINO ORIGIN - One race - Native Hawaiian and Other Pacific Islander
HC01_MOE_VC14,Total; Margin of Error; RACE AND HISPANIC OR LATINO ORIGIN - One race - Native Hawaiian and Other Pacific Islander
HC02_EST_VC14,60 years and over; Estimate; RACE AND HISPANIC OR LATINO ORIGIN - One race - Native Hawaiian and Other Pacific Islander
HC02_MOE_VC14,60 years and over; Margin of Error; RACE AND HISPANIC OR LATINO ORIGIN - One race - Native Hawaiian and Other Pacific Islander
HC01_EST_VC15,Total; Estimate; RACE AND HISPANIC OR LATINO ORIGIN - One race - Some other race
HC01_MOE_VC15,Total; Margin of Error; RACE AND HISPANIC OR LATINO ORIGIN - One race - Some other race
HC02_EST_VC15,60 years and over; Estimate; RACE AND HISPANIC OR LATINO ORIGIN - One race - Some other race
HC02_MOE_VC15,60 years and over; Margin of Error; RACE AND HISPANIC OR LATINO ORIGIN - One race - Some other race
HC01_EST_VC16,Total; Estimate; RACE AND HISPANIC OR LATINO ORIGIN - Two or more races
HC01_MOE_VC16,Total; Margin of Error; RACE AND HISPANIC OR LATINO ORIGIN - Two or more races
HC02_EST_VC16,60 years and over; Estimate; RACE AND HISPANIC OR LATINO ORIGIN - Two or more races
HC02_MOE_VC16,60 years and over; Margin of Error; RACE AND HISPANIC OR LATINO ORIGIN - Two or more races
HC01_EST_VC18,Total; Estimate; Hispanic or Latino origin (of any race)
HC01_MOE_VC18,Total; Margin of Error; Hispanic or Latino origin (of any race)
HC02_EST_VC18,60 years and over; Estimate; Hispanic or Latino origin (of any race)
HC02_MOE_VC18,60 years and over; Margin of Error; Hispanic or Latino origin (of any race)
HC01_EST_VC19,"Total; Estimate; White alone, not Hispanic or Latino"
HC01_MOE_VC19,"Total; Margin of Error; White alone, not Hispanic or Latino"
HC02_EST_VC19,"60 years and over; Estimate; White alone, not Hispanic or Latino"
HC02_MOE_VC19,"60 years and over; Margin of Error; White alone, not Hispanic or Latino"
HC01_EST_VC23,Total; Estimate; RELATIONSHIP - Population in households
HC01_MOE_VC23,Total; Margin of Error; RELATIONSHIP - Population in households
HC02_EST_VC23,60 years and over; Estimate; RELATIONSHIP - Population in households
HC02_MOE_VC23,60 years and over; Margin of Error; RELATIONSHIP - Population in households
HC01_EST_VC24,Total; Estimate; RELATIONSHIP - Householder or spouse
HC01_MOE_VC24,Total; Margin of Error; RELATIONSHIP - Householder or spouse
HC02_EST_VC24,60 years and over; Estimate; RELATIONSHIP - Householder or spouse
HC02_MOE_VC24,60 years and over; Margin of Error; RELATIONSHIP - Householder or spouse
HC01_EST_VC25,Total; Estimate; RELATIONSHIP - Parent
HC01_MOE_VC25,Total; Margin of Error; RELATIONSHIP - Parent
HC02_EST_VC25,60 years and over; Estimate; RELATIONSHIP - Parent
HC02_MOE_VC25,60 years and over; Margin of Error; RELATIONSHIP - Parent
HC01_EST_VC26,Total; Estimate; RELATIONSHIP - Other relatives
HC01_MOE_VC26,Total; Margin of Error; RELATIONSHIP - Other relatives
HC02_EST_VC26,60 years and over; Estimate; RELATIONSHIP - Other relatives
HC02_MOE_VC26,60 years and over; Margin of Error; RELATIONSHIP - Other relatives
HC01_EST_VC27,Total; Estimate; RELATIONSHIP - Nonrelatives
HC01_MOE_VC27,Total; Margin of Error; RELATIONSHIP - Nonrelatives
HC02_EST_VC27,60 years and over; Estimate; RELATIONSHIP - Nonrelatives
HC02_MOE_VC27,60 years and over; Margin of Error; RELATIONSHIP - Nonrelatives
HC01_EST_VC28,Total; Estimate; RELATIONSHIP - Nonrelatives - Unmarried partner
HC01_MOE_VC28,Total; Margin of Error; RELATIONSHIP - Nonrelatives - Unmarried partner
HC02_EST_VC28,60 years and over; Estimate; RELATIONSHIP - Nonrelatives - Unmarried partner
HC02_MOE_VC28,60 years and over; Margin of Error; RELATIONSHIP - Nonrelatives - Unmarried partner
HC01_EST_VC32,Total; Estimate; HOUSEHOLDS BY TYPE - Households
HC01_MOE_VC32,Total; Margin of Error; HOUSEHOLDS BY TYPE - Households
HC02_EST_VC32,60 years and over; Estimate; HOUSEHOLDS BY TYPE - Households
HC02_MOE_VC32,60 years and over; Margin of Error; HOUSEHOLDS BY TYPE - Households
HC01_EST_VC33,Total; Estimate; HOUSEHOLDS BY TYPE - Family households
HC01_MOE_VC33,Total; Margin of Error; HOUSEHOLDS BY TYPE - Family households
HC02_EST_VC33,60 years and over; Estimate; HOUSEHOLDS BY TYPE - Family households
HC02_MOE_VC33,60 years and over; Margin of Error; HOUSEHOLDS BY TYPE - Family households
HC01_EST_VC34,Total; Estimate; HOUSEHOLDS BY TYPE - Family households - Married-couple family
HC01_MOE_VC34,Total; Margin of Error; HOUSEHOLDS BY TYPE - Family households - Married-couple family
HC02_EST_VC34,60 years and over; Estimate; HOUSEHOLDS BY TYPE - Family households - Married-couple family
HC02_MOE_VC34,60 years and over; Margin of Error; HOUSEHOLDS BY TYPE - Family households - Married-couple family
HC01_EST_VC35,"Total; Estimate; HOUSEHOLDS BY TYPE - Family households - Female householder, no husband present, family"
HC01_MOE_VC35,"Total; Margin of Error; HOUSEHOLDS BY TYPE - Family households - Female householder, no husband present, family"
HC02_EST_VC35,"60 years and over; Estimate; HOUSEHOLDS BY TYPE - Family households - Female householder, no husband present, family"
HC02_MOE_VC35,"60 years and over; Margin of Error; HOUSEHOLDS BY TYPE - Family households - Female householder, no husband present, family"
HC01_EST_VC36,Total; Estimate; HOUSEHOLDS BY TYPE - Nonfamily households
HC01_MOE_VC36,Total; Margin of Error; HOUSEHOLDS BY TYPE - Nonfamily households
HC02_EST_VC36,60 years and over; Estimate; HOUSEHOLDS BY TYPE - Nonfamily households
HC02_MOE_VC36,60 years and over; Margin of Error; HOUSEHOLDS BY TYPE - Nonfamily households
HC01_EST_VC37,Total; Estimate; HOUSEHOLDS BY TYPE - Nonfamily households - Householder living alone
HC01_MOE_VC37,Total; Margin of Error; HOUSEHOLDS BY TYPE - Nonfamily households - Householder living alone
HC02_EST_VC37,60 years and over; Estimate; HOUSEHOLDS BY TYPE - Nonfamily households - Householder living alone
HC02_MOE_VC37,60 years and over; Margin of Error; HOUSEHOLDS BY TYPE - Nonfamily households - Householder living alone
HC01_EST_VC41,Total; Estimate; MARITAL STATUS - Population 15 years and over
HC01_MOE_VC41,Total; Margin of Error; MARITAL STATUS - Population 15 years and over
HC02_EST_VC41,60 years and over; Estimate; MARITAL STATUS - Population 15 years and over
HC02_MOE_VC41,60 years and over; Margin of Error; MARITAL STATUS - Population 15 years and over
HC01_EST_VC42,"Total; Estimate; MARITAL STATUS - Now married, except separated"
HC01_MOE_VC42,"Total; Margin of Error; MARITAL STATUS - Now married, except separated"
HC02_EST_VC42,"60 years and over; Estimate; MARITAL STATUS - Now married, except separated"
HC02_MOE_VC42,"60 years and over; Margin of Error; MARITAL STATUS - Now married, except separated"
HC01_EST_VC43,Total; Estimate; MARITAL STATUS - Widowed
HC01_MOE_VC43,Total; Margin of Error; MARITAL STATUS - Widowed
HC02_EST_VC43,60 years and over; Estimate; MARITAL STATUS - Widowed
HC02_MOE_VC43,60 years and over; Margin of Error; MARITAL STATUS - Widowed
HC01_EST_VC44,Total; Estimate; MARITAL STATUS - Divorced
HC01_MOE_VC44,Total; Margin of Error; MARITAL STATUS - Divorced
HC02_EST_VC44,60 years and over; Estimate; MARITAL STATUS - Divorced
HC02_MOE_VC44,60 years and over; Margin of Error; MARITAL STATUS - Divorced
HC01_EST_VC45,Total; Estimate; MARITAL STATUS - Separated
HC01_MOE_VC45,Total; Margin of Error; MARITAL STATUS - Separated
HC02_EST_VC45,60 years and over; Estimate; MARITAL STATUS - Separated
HC02_MOE_VC45,60 years and over; Margin of Error; MARITAL STATUS - Separated
HC01_EST_VC46,Total; Estimate; MARITAL STATUS - Never married
HC01_MOE_VC46,Total; Margin of Error; MARITAL STATUS - Never married
HC02_EST_VC46,60 years and over; Estimate; MARITAL STATUS - Never married
HC02_MOE_VC46,60 years and over; Margin of Error; MARITAL STATUS - Never married
HC01_EST_VC50,Total; Estimate; EDUCATIONAL ATTAINMENT - Population 25 years and over
HC01_MOE_VC50,Total; Margin of Error; EDUCATIONAL ATTAINMENT - Population 25 years and over
HC02_EST_VC50,60 years and over; Estimate; EDUCATIONAL ATTAINMENT - Population 25 years and over
HC02_MOE_VC50,60 years and over; Margin of Error; EDUCATIONAL ATTAINMENT - Population 25 years and over
HC01_EST_VC51,Total; Estimate; EDUCATIONAL ATTAINMENT - Less than high school graduate
HC01_MOE_VC51,Total; Margin of Error; EDUCATIONAL ATTAINMENT - Less than high school graduate
HC02_EST_VC51,60 years and over; Estimate; EDUCATIONAL ATTAINMENT - Less than high school graduate
HC02_MOE_VC51,60 years and over; Margin of Error; EDUCATIONAL ATTAINMENT - Less than high school graduate
HC01_EST_VC52,"Total; Estimate; EDUCATIONAL ATTAINMENT - High school graduate, GED, or alternative"
HC01_MOE_VC52,"Total; Margin of Error; EDUCATIONAL ATTAINMENT - High school graduate, GED, or alternative"
HC02_EST_VC52,"60 years and over; Estimate; EDUCATIONAL ATTAINMENT - High school graduate, GED, or alternative"
HC02_MOE_VC52,"60 years and over; Margin of Error; EDUCATIONAL ATTAINMENT - High school graduate, GED, or alternative"
HC01_EST_VC53,Total; Estimate; EDUCATIONAL ATTAINMENT - Some college or associate's degree
HC01_MOE_VC53,Total; Margin of Error; EDUCATIONAL ATTAINMENT - Some college or associate's degree
HC02_EST_VC53,60 years and over; Estimate; EDUCATIONAL ATTAINMENT - Some college or associate's degree
HC02_MOE_VC53,60 years and over; Margin of Error; EDUCATIONAL ATTAINMENT - Some college or associate's degree
HC01_EST_VC54,Total; Estimate; EDUCATIONAL ATTAINMENT - Bachelor's degree or higher
HC01_MOE_VC54,Total; Margin of Error; EDUCATIONAL ATTAINMENT - Bachelor's degree or higher
HC02_EST_VC54,60 years and over; Estimate; EDUCATIONAL ATTAINMENT - Bachelor's degree or higher
HC02_MOE_VC54,60 years and over; Margin of Error; EDUCATIONAL ATTAINMENT - Bachelor's degree or higher
HC01_EST_VC58,Total; Estimate; RESPONSIBILITY FOR GRANDCHILDREN UNDER 18 YEARS - Population 30 years and over
HC01_MOE_VC58,Total; Margin of Error; RESPONSIBILITY FOR GRANDCHILDREN UNDER 18 YEARS - Population 30 years and over
HC02_EST_VC58,60 years and over; Estimate; RESPONSIBILITY FOR GRANDCHILDREN UNDER 18 YEARS - Population 30 years and over
HC02_MOE_VC58,60 years and over; Margin of Error; RESPONSIBILITY FOR GRANDCHILDREN UNDER 18 YEARS - Population 30 years and over
HC01_EST_VC59,Total; Estimate; RESPONSIBILITY FOR GRANDCHILDREN UNDER 18 YEARS - Living with grandchild(ren)
HC01_MOE_VC59,Total; Margin of Error; RESPONSIBILITY FOR GRANDCHILDREN UNDER 18 YEARS - Living with grandchild(ren)
HC02_EST_VC59,60 years and over; Estimate; RESPONSIBILITY FOR GRANDCHILDREN UNDER 18 YEARS - Living with grandchild(ren)
HC02_MOE_VC59,60 years and over; Margin of Error; RESPONSIBILITY FOR GRANDCHILDREN UNDER 18 YEARS - Living with grandchild(ren)
HC01_EST_VC60,Total; Estimate; RESPONSIBILITY FOR GRANDCHILDREN UNDER 18 YEARS - Living with grandchild(ren) - Responsible for grandchild(ren)
HC01_MOE_VC60,Total; Margin of Error; RESPONSIBILITY FOR GRANDCHILDREN UNDER 18 YEARS - Living with grandchild(ren) - Responsible for grandchild(ren)
HC02_EST_VC60,60 years and over; Estimate; RESPONSIBILITY FOR GRANDCHILDREN UNDER 18 YEARS - Living with grandchild(ren) - Responsible for grandchild(ren)
HC02_MOE_VC60,60 years and over; Margin of Error; RESPONSIBILITY FOR GRANDCHILDREN UNDER 18 YEARS - Living with grandchild(ren) - Responsible for grandchild(ren)
HC01_EST_VC64,Total; Estimate; VETERAN STATUS - Civilian population 18 years and over
HC01_MOE_VC64,Total; Margin of Error; VETERAN STATUS - Civilian population 18 years and over
HC02_EST_VC64,60 years and over; Estimate; VETERAN STATUS - Civilian population 18 years and over
HC02_MOE_VC64,60 years and over; Margin of Error; VETERAN STATUS - Civilian population 18 years and over
HC01_EST_VC65,Total; Estimate; VETERAN STATUS - Civilian veteran
HC01_MOE_VC65,Total; Margin of Error; VETERAN STATUS - Civilian veteran
HC02_EST_VC65,60 years and over; Estimate; VETERAN STATUS - Civilian veteran
HC02_MOE_VC65,60 years and over; Margin of Error; VETERAN STATUS - Civilian veteran
HC01_EST_VC69,Total; Estimate; DISABILITY STATUS - Civilian noninstitutionalized population
HC01_MOE_VC69,Total; Margin of Error; DISABILITY STATUS - Civilian noninstitutionalized population
HC02_EST_VC69,60 years and over; Estimate; DISABILITY STATUS - Civilian noninstitutionalized population
HC02_MOE_VC69,60 years and over; Margin of Error; DISABILITY STATUS - Civilian noninstitutionalized population
HC01_EST_VC70,Total; Estimate; DISABILITY STATUS - With any disability
HC01_MOE_VC70,Total; Margin of Error; DISABILITY STATUS - With any disability
HC02_EST_VC70,60 years and over; Estimate; DISABILITY STATUS - With any disability
HC02_MOE_VC70,60 years and over; Margin of Error; DISABILITY STATUS - With any disability
HC01_EST_VC71,Total; Estimate; DISABILITY STATUS - No disability
HC01_MOE_VC71,Total; Margin of Error; DISABILITY STATUS - No disability
HC02_EST_VC71,60 years and over; Estimate; DISABILITY STATUS - No disability
HC02_MOE_VC71,60 years and over; Margin of Error; DISABILITY STATUS - No disability
HC01_EST_VC75,Total; Estimate; RESIDENCE 1 YEAR AGO - Population 1 year and over
HC01_MOE_VC75,Total; Margin of Error; RESIDENCE 1 YEAR AGO - Population 1 year and over
HC02_EST_VC75,60 years and over; Estimate; RESIDENCE 1 YEAR AGO - Population 1 year and over
HC02_MOE_VC75,60 years and over; Margin of Error; RESIDENCE 1 YEAR AGO - Population 1 year and over
HC01_EST_VC76,Total; Estimate; RESIDENCE 1 YEAR AGO - Same house
HC01_MOE_VC76,Total; Margin of Error; RESIDENCE 1 YEAR AGO - Same house
HC02_EST_VC76,60 years and over; Estimate; RESIDENCE 1 YEAR AGO - Same house
HC02_MOE_VC76,60 years and over; Margin of Error; RESIDENCE 1 YEAR AGO - Same house
HC01_EST_VC77,Total; Estimate; RESIDENCE 1 YEAR AGO - Different house in the United States
HC01_MOE_VC77,Total; Margin of Error; RESIDENCE 1 YEAR AGO - Different house in the United States
HC02_EST_VC77,60 years and over; Estimate; RESIDENCE 1 YEAR AGO - Different house in the United States
HC02_MOE_VC77,60 years and over; Margin of Error; RESIDENCE 1 YEAR AGO - Different house in the United States
HC01_EST_VC78,Total; Estimate; RESIDENCE 1 YEAR AGO - Different house in the United States - Same county
HC01_MOE_VC78,Total; Margin of Error; RESIDENCE 1 YEAR AGO - Different house in the United States - Same county
HC02_EST_VC78,60 years and over; Estimate; RESIDENCE 1 YEAR AGO - Different house in the United States - Same county
HC02_MOE_VC78,60 years and over; Margin of Error; RESIDENCE 1 YEAR AGO - Different house in the United States - Same county
HC01_EST_VC79,Total; Estimate; RESIDENCE 1 YEAR AGO - Different house in the United States - Different county
HC01_MOE_VC79,Total; Margin of Error; RESIDENCE 1 YEAR AGO - Different house in the United States - Different county
HC02_EST_VC79,60 years and over; Estimate; RESIDENCE 1 YEAR AGO - Different house in the United States - Different county
HC02_MOE_VC79,60 years and over; Margin of Error; RESIDENCE 1 YEAR AGO - Different house in the United States - Different county
HC01_EST_VC80,Total; Estimate; RESIDENCE 1 YEAR AGO - Different house in the United States - Different county - Same state
HC01_MOE_VC80,Total; Margin of Error; RESIDENCE 1 YEAR AGO - Different house in the United States - Different county - Same state
HC02_EST_VC80,60 years and over; Estimate; RESIDENCE 1 YEAR AGO - Different house in the United States - Different county - Same state
HC02_MOE_VC80,60 years and over; Margin of Error; RESIDENCE 1 YEAR AGO - Different house in the United States - Different county - Same state
HC01_EST_VC81,Total; Estimate; RESIDENCE 1 YEAR AGO - Different house in the United States - Different county - Different state
HC01_MOE_VC81,Total; Margin of Error; RESIDENCE 1 YEAR AGO - Different house in the United States - Different county - Different state
HC02_EST_VC81,60 years and over; Estimate; RESIDENCE 1 YEAR AGO - Different house in the United States - Different county - Different state
HC02_MOE_VC81,60 years and over; Margin of Error; RESIDENCE 1 YEAR AGO - Different house in the United States - Different county - Different state
HC01_EST_VC82,Total; Estimate; RESIDENCE 1 YEAR AGO - Abroad
HC01_MOE_VC82,Total; Margin of Error; RESIDENCE 1 YEAR AGO - Abroad
HC02_EST_VC82,60 years and over; Estimate; RESIDENCE 1 YEAR AGO - Abroad
HC02_MOE_VC82,60 years and over; Margin of Error; RESIDENCE 1 YEAR AGO - Abroad
HC01_EST_VC86,"Total; Estimate; PLACE OF BIRTH, NATIVITY AND CITIZENSHIP STATUS, AND YEAR OF ENTRY - Total population"
HC01_MOE_VC86,"Total; Margin of Error; PLACE OF BIRTH, NATIVITY AND CITIZENSHIP STATUS, AND YEAR OF ENTRY - Total population"
HC02_EST_VC86,"60 years and over; Estimate; PLACE OF BIRTH, NATIVITY AND CITIZENSHIP STATUS, AND YEAR OF ENTRY - Total population"
HC02_MOE_VC86,"60 years and over; Margin of Error; PLACE OF BIRTH, NATIVITY AND CITIZENSHIP STATUS, AND YEAR OF ENTRY - Total population"
HC01_EST_VC87,"Total; Estimate; PLACE OF BIRTH, NATIVITY AND CITIZENSHIP STATUS, AND YEAR OF ENTRY - Native"
HC01_MOE_VC87,"Total; Margin of Error; PLACE OF BIRTH, NATIVITY AND CITIZENSHIP STATUS, AND YEAR OF ENTRY - Native"
HC02_EST_VC87,"60 years and over; Estimate; PLACE OF BIRTH, NATIVITY AND CITIZENSHIP STATUS, AND YEAR OF ENTRY - Native"
HC02_MOE_VC87,"60 years and over; Margin of Error; PLACE OF BIRTH, NATIVITY AND CITIZENSHIP STATUS, AND YEAR OF ENTRY - Native"
HC01_EST_VC88,"Total; Estimate; PLACE OF BIRTH, NATIVITY AND CITIZENSHIP STATUS, AND YEAR OF ENTRY - Foreign born"
HC01_MOE_VC88,"Total; Margin of Error; PLACE OF BIRTH, NATIVITY AND CITIZENSHIP STATUS, AND YEAR OF ENTRY - Foreign born"
HC02_EST_VC88,"60 years and over; Estimate; PLACE OF BIRTH, NATIVITY AND CITIZENSHIP STATUS, AND YEAR OF ENTRY - Foreign born"
HC02_MOE_VC88,"60 years and over; Margin of Error; PLACE OF BIRTH, NATIVITY AND CITIZENSHIP STATUS, AND YEAR OF ENTRY - Foreign born"
HC01_EST_VC90,"Total; Estimate; PLACE OF BIRTH, NATIVITY AND CITIZENSHIP STATUS, AND YEAR OF ENTRY - Foreign born - Entered 2010 or later"
HC01_MOE_VC90,"Total; Margin of Error; PLACE OF BIRTH, NATIVITY AND CITIZENSHIP STATUS, AND YEAR OF ENTRY - Foreign born - Entered 2010 or later"
HC02_EST_VC90,"60 years and over; Estimate; PLACE OF BIRTH, NATIVITY AND CITIZENSHIP STATUS, AND YEAR OF ENTRY - Foreign born - Entered 2010 or later"
HC02_MOE_VC90,"60 years and over; Margin of Error; PLACE OF BIRTH, NATIVITY AND CITIZENSHIP STATUS, AND YEAR OF ENTRY - Foreign born - Entered 2010 or later"
HC01_EST_VC91,"Total; Estimate; PLACE OF BIRTH, NATIVITY AND CITIZENSHIP STATUS, AND YEAR OF ENTRY - Foreign born - Entered 2000 to 2009"
HC01_MOE_VC91,"Total; Margin of Error; PLACE OF BIRTH, NATIVITY AND CITIZENSHIP STATUS, AND YEAR OF ENTRY - Foreign born - Entered 2000 to 2009"
HC02_EST_VC91,"60 years and over; Estimate; PLACE OF BIRTH, NATIVITY AND CITIZENSHIP STATUS, AND YEAR OF ENTRY - Foreign born - Entered 2000 to 2009"
HC02_MOE_VC91,"60 years and over; Margin of Error; PLACE OF BIRTH, NATIVITY AND CITIZENSHIP STATUS, AND YEAR OF ENTRY - Foreign born - Entered 2000 to 2009"
HC01_EST_VC92,"Total; Estimate; PLACE OF BIRTH, NATIVITY AND CITIZENSHIP STATUS, AND YEAR OF ENTRY - Foreign born - Entered before 2000"
HC01_MOE_VC92,"Total; Margin of Error; PLACE OF BIRTH, NATIVITY AND CITIZENSHIP STATUS, AND YEAR OF ENTRY - Foreign born - Entered before 2000"
HC02_EST_VC92,"60 years and over; Estimate; PLACE OF BIRTH, NATIVITY AND CITIZENSHIP STATUS, AND YEAR OF ENTRY - Foreign born - Entered before 2000"
HC02_MOE_VC92,"60 years and over; Margin of Error; PLACE OF BIRTH, NATIVITY AND CITIZENSHIP STATUS, AND YEAR OF ENTRY - Foreign born - Entered before 2000"
HC01_EST_VC93,"Total; Estimate; PLACE OF BIRTH, NATIVITY AND CITIZENSHIP STATUS, AND YEAR OF ENTRY - Foreign born - Naturalized U.S. citizen"
HC01_MOE_VC93,"Total; Margin of Error; PLACE OF BIRTH, NATIVITY AND CITIZENSHIP STATUS, AND YEAR OF ENTRY - Foreign born - Naturalized U.S. citizen"
HC02_EST_VC93,"60 years and over; Estimate; PLACE OF BIRTH, NATIVITY AND CITIZENSHIP STATUS, AND YEAR OF ENTRY - Foreign born - Naturalized U.S. citizen"
HC02_MOE_VC93,"60 years and over; Margin of Error; PLACE OF BIRTH, NATIVITY AND CITIZENSHIP STATUS, AND YEAR OF ENTRY - Foreign born - Naturalized U.S. citizen"
HC01_EST_VC94,"Total; Estimate; PLACE OF BIRTH, NATIVITY AND CITIZENSHIP STATUS, AND YEAR OF ENTRY - Foreign born - Not a U.S. citizen"
HC01_MOE_VC94,"Total; Margin of Error; PLACE OF BIRTH, NATIVITY AND CITIZENSHIP STATUS, AND YEAR OF ENTRY - Foreign born - Not a U.S. citizen"
HC02_EST_VC94,"60 years and over; Estimate; PLACE OF BIRTH, NATIVITY AND CITIZENSHIP STATUS, AND YEAR OF ENTRY - Foreign born - Not a U.S. citizen"
HC02_MOE_VC94,"60 years and over; Margin of Error; PLACE OF BIRTH, NATIVITY AND CITIZENSHIP STATUS, AND YEAR OF ENTRY - Foreign born - Not a U.S. citizen"
HC01_EST_VC98,Total; Estimate; LANGUAGE SPOKEN AT HOME AND ABILITY TO SPEAK ENGLISH - Population 5 years and over
HC01_MOE_VC98,Total; Margin of Error; LANGUAGE SPOKEN AT HOME AND ABILITY TO SPEAK ENGLISH - Population 5 years and over
HC02_EST_VC98,60 years and over; Estimate; LANGUAGE SPOKEN AT HOME AND ABILITY TO SPEAK ENGLISH - Population 5 years and over
HC02_MOE_VC98,60 years and over; Margin of Error; LANGUAGE SPOKEN AT HOME AND ABILITY TO SPEAK ENGLISH - Population 5 years and over
HC01_EST_VC99,Total; Estimate; LANGUAGE SPOKEN AT HOME AND ABILITY TO SPEAK ENGLISH - English only
HC01_MOE_VC99,Total; Margin of Error; LANGUAGE SPOKEN AT HOME AND ABILITY TO SPEAK ENGLISH - English only
HC02_EST_VC99,60 years and over; Estimate; LANGUAGE SPOKEN AT HOME AND ABILITY TO SPEAK ENGLISH - English only
HC02_MOE_VC99,60 years and over; Margin of Error; LANGUAGE SPOKEN AT HOME AND ABILITY TO SPEAK ENGLISH - English only
HC01_EST_VC100,Total; Estimate; LANGUAGE SPOKEN AT HOME AND ABILITY TO SPEAK ENGLISH - Language other than English
HC01_MOE_VC100,Total; Margin of Error; LANGUAGE SPOKEN AT HOME AND ABILITY TO SPEAK ENGLISH - Language other than English
HC02_EST_VC100,60 years and over; Estimate; LANGUAGE SPOKEN AT HOME AND ABILITY TO SPEAK ENGLISH - Language other than English
HC02_MOE_VC100,60 years and over; Margin of Error; LANGUAGE SPOKEN AT HOME AND ABILITY TO SPEAK ENGLISH - Language other than English
HC01_EST_VC101,"Total; Estimate; LANGUAGE SPOKEN AT HOME AND ABILITY TO SPEAK ENGLISH - Language other than English - Speak English less than ""very well"""
HC01_MOE_VC101,"Total; Margin of Error; LANGUAGE SPOKEN AT HOME AND ABILITY TO SPEAK ENGLISH - Language other than English - Speak English less than ""very well"""
HC02_EST_VC101,"60 years and over; Estimate; LANGUAGE SPOKEN AT HOME AND ABILITY TO SPEAK ENGLISH - Language other than English - Speak English less than ""very well"""
HC02_MOE_VC101,"60 years and over; Margin of Error; LANGUAGE SPOKEN AT HOME AND ABILITY TO SPEAK ENGLISH - Language other than English - Speak English less than ""very well"""
HC01_EST_VC105,Total; Estimate; EMPLOYMENT STATUS - Population 16 years and over
HC01_MOE_VC105,Total; Margin of Error; EMPLOYMENT STATUS - Population 16 years and over
HC02_EST_VC105,60 years and over; Estimate; EMPLOYMENT STATUS - Population 16 years and over
HC02_MOE_VC105,60 years and over; Margin of Error; EMPLOYMENT STATUS - Population 16 years and over
HC01_EST_VC106,Total; Estimate; EMPLOYMENT STATUS - In labor force
HC01_MOE_VC106,Total; Margin of Error; EMPLOYMENT STATUS - In labor force
HC02_EST_VC106,60 years and over; Estimate; EMPLOYMENT STATUS - In labor force
HC02_MOE_VC106,60 years and over; Margin of Error; EMPLOYMENT STATUS - In labor force
HC01_EST_VC107,Total; Estimate; EMPLOYMENT STATUS - In labor force - Civilian labor force
HC01_MOE_VC107,Total; Margin of Error; EMPLOYMENT STATUS - In labor force - Civilian labor force
HC02_EST_VC107,60 years and over; Estimate; EMPLOYMENT STATUS - In labor force - Civilian labor force
HC02_MOE_VC107,60 years and over; Margin of Error; EMPLOYMENT STATUS - In labor force - Civilian labor force
HC01_EST_VC108,Total; Estimate; EMPLOYMENT STATUS - In labor force - Civilian labor force - Employed
HC01_MOE_VC108,Total; Margin of Error; EMPLOYMENT STATUS - In labor force - Civilian labor force - Employed
HC02_EST_VC108,60 years and over; Estimate; EMPLOYMENT STATUS - In labor force - Civilian labor force - Employed
HC02_MOE_VC108,60 years and over; Margin of Error; EMPLOYMENT STATUS - In labor force - Civilian labor force - Employed
HC01_EST_VC109,Total; Estimate; EMPLOYMENT STATUS - In labor force - Civilian labor force - Unemployed
HC01_MOE_VC109,Total; Margin of Error; EMPLOYMENT STATUS - In labor force - Civilian labor force - Unemployed
HC02_EST_VC109,60 years and over; Estimate; EMPLOYMENT STATUS - In labor force - Civilian labor force - Unemployed
HC02_MOE_VC109,60 years and over; Margin of Error; EMPLOYMENT STATUS - In labor force - Civilian labor force - Unemployed
HC01_EST_VC110,Total; Estimate; EMPLOYMENT STATUS - In labor force - Civilian labor force - Unemployed - Percent of civilian labor force
HC01_MOE_VC110,Total; Margin of Error; EMPLOYMENT STATUS - In labor force - Civilian labor force - Unemployed - Percent of civilian labor force
HC02_EST_VC110,60 years and over; Estimate; EMPLOYMENT STATUS - In labor force - Civilian labor force - Unemployed - Percent of civilian labor force
HC02_MOE_VC110,60 years and over; Margin of Error; EMPLOYMENT STATUS - In labor force - Civilian labor force - Unemployed - Percent of civilian labor force
HC01_EST_VC111,Total; Estimate; EMPLOYMENT STATUS - In labor force - Armed forces
HC01_MOE_VC111,Total; Margin of Error; EMPLOYMENT STATUS - In labor force - Armed forces
HC02_EST_VC111,60 years and over; Estimate; EMPLOYMENT STATUS - In labor force - Armed forces
HC02_MOE_VC111,60 years and over; Margin of Error; EMPLOYMENT STATUS - In labor force - Armed forces
HC01_EST_VC112,Total; Estimate; EMPLOYMENT STATUS - Not in labor force
HC01_MOE_VC112,Total; Margin of Error; EMPLOYMENT STATUS - Not in labor force
HC02_EST_VC112,60 years and over; Estimate; EMPLOYMENT STATUS - Not in labor force
HC02_MOE_VC112,60 years and over; Margin of Error; EMPLOYMENT STATUS - Not in labor force
HC01_EST_VC116,Total; Estimate; INCOME IN THE PAST 12 MONTHS (IN 2012 INFLATION-ADJUSTED DOLLARS) - Households
HC01_MOE_VC116,Total; Margin of Error; INCOME IN THE PAST 12 MONTHS (IN 2012 INFLATION-ADJUSTED DOLLARS) - Households
HC02_EST_VC116,60 years and over; Estimate; INCOME IN THE PAST 12 MONTHS (IN 2012 INFLATION-ADJUSTED DOLLARS) - Households
HC02_MOE_VC116,60 years and over; Margin of Error; INCOME IN THE PAST 12 MONTHS (IN 2012 INFLATION-ADJUSTED DOLLARS) - Households
HC01_EST_VC117,Total; Estimate; INCOME IN THE PAST 12 MONTHS (IN 2012 INFLATION-ADJUSTED DOLLARS) - With earnings
HC01_MOE_VC117,Total; Margin of Error; INCOME IN THE PAST 12 MONTHS (IN 2012 INFLATION-ADJUSTED DOLLARS) - With earnings
HC02_EST_VC117,60 years and over; Estimate; INCOME IN THE PAST 12 MONTHS (IN 2012 INFLATION-ADJUSTED DOLLARS) - With earnings
HC02_MOE_VC117,60 years and over; Margin of Error; INCOME IN THE PAST 12 MONTHS (IN 2012 INFLATION-ADJUSTED DOLLARS) - With earnings
HC01_EST_VC118,Total; Estimate; INCOME IN THE PAST 12 MONTHS (IN 2012 INFLATION-ADJUSTED DOLLARS) - With earnings - Mean earnings (dollars)
HC01_MOE_VC118,Total; Margin of Error; INCOME IN THE PAST 12 MONTHS (IN 2012 INFLATION-ADJUSTED DOLLARS) - With earnings - Mean earnings (dollars)
HC02_EST_VC118,60 years and over; Estimate; INCOME IN THE PAST 12 MONTHS (IN 2012 INFLATION-ADJUSTED DOLLARS) - With earnings - Mean earnings (dollars)
HC02_MOE_VC118,60 years and over; Margin of Error; INCOME IN THE PAST 12 MONTHS (IN 2012 INFLATION-ADJUSTED DOLLARS) - With earnings - Mean earnings (dollars)
HC01_EST_VC119,Total; Estimate; INCOME IN THE PAST 12 MONTHS (IN 2012 INFLATION-ADJUSTED DOLLARS) - With Social Security income
HC01_MOE_VC119,Total; Margin of Error; INCOME IN THE PAST 12 MONTHS (IN 2012 INFLATION-ADJUSTED DOLLARS) - With Social Security income
HC02_EST_VC119,60 years and over; Estimate; INCOME IN THE PAST 12 MONTHS (IN 2012 INFLATION-ADJUSTED DOLLARS) - With Social Security income
HC02_MOE_VC119,60 years and over; Margin of Error; INCOME IN THE PAST 12 MONTHS (IN 2012 INFLATION-ADJUSTED DOLLARS) - With Social Security income
HC01_EST_VC120,Total; Estimate; INCOME IN THE PAST 12 MONTHS (IN 2012 INFLATION-ADJUSTED DOLLARS) - With Social Security income - Mean Social Security income (dollars)
HC01_MOE_VC120,Total; Margin of Error; INCOME IN THE PAST 12 MONTHS (IN 2012 INFLATION-ADJUSTED DOLLARS) - With Social Security income - Mean Social Security income (dollars)
HC02_EST_VC120,60 years and over; Estimate; INCOME IN THE PAST 12 MONTHS (IN 2012 INFLATION-ADJUSTED DOLLARS) - With Social Security income - Mean Social Security income (dollars)
HC02_MOE_VC120,60 years and over; Margin of Error; INCOME IN THE PAST 12 MONTHS (IN 2012 INFLATION-ADJUSTED DOLLARS) - With Social Security income - Mean Social Security income (dollars)
HC01_EST_VC121,Total; Estimate; INCOME IN THE PAST 12 MONTHS (IN 2012 INFLATION-ADJUSTED DOLLARS) - With Supplemental Security Income
HC01_MOE_VC121,Total; Margin of Error; INCOME IN THE PAST 12 MONTHS (IN 2012 INFLATION-ADJUSTED DOLLARS) - With Supplemental Security Income
HC02_EST_VC121,60 years and over; Estimate; INCOME IN THE PAST 12 MONTHS (IN 2012 INFLATION-ADJUSTED DOLLARS) - With Supplemental Security Income
HC02_MOE_VC121,60 years and over; Margin of Error; INCOME IN THE PAST 12 MONTHS (IN 2012 INFLATION-ADJUSTED DOLLARS) - With Supplemental Security Income
HC01_EST_VC122,Total; Estimate; INCOME IN THE PAST 12 MONTHS (IN 2012 INFLATION-ADJUSTED DOLLARS) - With Supplemental Security Income - Mean Supplemental Security Income (dollars)
HC01_MOE_VC122,Total; Margin of Error; INCOME IN THE PAST 12 MONTHS (IN 2012 INFLATION-ADJUSTED DOLLARS) - With Supplemental Security Income - Mean Supplemental Security Income (dollars)
HC02_EST_VC122,60 years and over; Estimate; INCOME IN THE PAST 12 MONTHS (IN 2012 INFLATION-ADJUSTED DOLLARS) - With Supplemental Security Income - Mean Supplemental Security Income (dollars)
HC02_MOE_VC122,60 years and over; Margin of Error; INCOME IN THE PAST 12 MONTHS (IN 2012 INFLATION-ADJUSTED DOLLARS) - With Supplemental Security Income - Mean Supplemental Security Income (dollars)
HC01_EST_VC123,Total; Estimate; INCOME IN THE PAST 12 MONTHS (IN 2012 INFLATION-ADJUSTED DOLLARS) - With cash public assistance income
HC01_MOE_VC123,Total; Margin of Error; INCOME IN THE PAST 12 MONTHS (IN 2012 INFLATION-ADJUSTED DOLLARS) - With cash public assistance income
HC02_EST_VC123,60 years and over; Estimate; INCOME IN THE PAST 12 MONTHS (IN 2012 INFLATION-ADJUSTED DOLLARS) - With cash public assistance income
HC02_MOE_VC123,60 years and over; Margin of Error; INCOME IN THE PAST 12 MONTHS (IN 2012 INFLATION-ADJUSTED DOLLARS) - With cash public assistance income
HC01_EST_VC124,Total; Estimate; INCOME IN THE PAST 12 MONTHS (IN 2012 INFLATION-ADJUSTED DOLLARS) - With cash public assistance income - Mean cash public assistance income (dollars)
HC01_MOE_VC124,Total; Margin of Error; INCOME IN THE PAST 12 MONTHS (IN 2012 INFLATION-ADJUSTED DOLLARS) - With cash public assistance income - Mean cash public assistance income (dollars)
HC02_EST_VC124,60 years and over; Estimate; INCOME IN THE PAST 12 MONTHS (IN 2012 INFLATION-ADJUSTED DOLLARS) - With cash public assistance income - Mean cash public assistance income (dollars)
HC02_MOE_VC124,60 years and over; Margin of Error; INCOME IN THE PAST 12 MONTHS (IN 2012 INFLATION-ADJUSTED DOLLARS) - With cash public assistance income - Mean cash public assistance income (dollars)
HC01_EST_VC125,Total; Estimate; INCOME IN THE PAST 12 MONTHS (IN 2012 INFLATION-ADJUSTED DOLLARS) - With retirement income
HC01_MOE_VC125,Total; Margin of Error; INCOME IN THE PAST 12 MONTHS (IN 2012 INFLATION-ADJUSTED DOLLARS) - With retirement income
HC02_EST_VC125,60 years and over; Estimate; INCOME IN THE PAST 12 MONTHS (IN 2012 INFLATION-ADJUSTED DOLLARS) - With retirement income
HC02_MOE_VC125,60 years and over; Margin of Error; INCOME IN THE PAST 12 MONTHS (IN 2012 INFLATION-ADJUSTED DOLLARS) - With retirement income
HC01_EST_VC126,Total; Estimate; INCOME IN THE PAST 12 MONTHS (IN 2012 INFLATION-ADJUSTED DOLLARS) - With retirement income - Mean retirement income (dollars)
HC01_MOE_VC126,Total; Margin of Error; INCOME IN THE PAST 12 MONTHS (IN 2012 INFLATION-ADJUSTED DOLLARS) - With retirement income - Mean retirement income (dollars)
HC02_EST_VC126,60 years and over; Estimate; INCOME IN THE PAST 12 MONTHS (IN 2012 INFLATION-ADJUSTED DOLLARS) - With retirement income - Mean retirement income (dollars)
HC02_MOE_VC126,60 years and over; Margin of Error; INCOME IN THE PAST 12 MONTHS (IN 2012 INFLATION-ADJUSTED DOLLARS) - With retirement income - Mean retirement income (dollars)
HC01_EST_VC127,Total; Estimate; INCOME IN THE PAST 12 MONTHS (IN 2012 INFLATION-ADJUSTED DOLLARS) - With Food Stamp/SNAP benefits
HC01_MOE_VC127,Total; Margin of Error; INCOME IN THE PAST 12 MONTHS (IN 2012 INFLATION-ADJUSTED DOLLARS) - With Food Stamp/SNAP benefits
HC02_EST_VC127,60 years and over; Estimate; INCOME IN THE PAST 12 MONTHS (IN 2012 INFLATION-ADJUSTED DOLLARS) - With Food Stamp/SNAP benefits
HC02_MOE_VC127,60 years and over; Margin of Error; INCOME IN THE PAST 12 MONTHS (IN 2012 INFLATION-ADJUSTED DOLLARS) - With Food Stamp/SNAP benefits
HC01_EST_VC131,Total; Estimate; POVERTY STATUS IN THE PAST 12 MONTHS - Population for whom poverty status is determined
HC01_MOE_VC131,Total; Margin of Error; POVERTY STATUS IN THE PAST 12 MONTHS - Population for whom poverty status is determined
HC02_EST_VC131,60 years and over; Estimate; POVERTY STATUS IN THE PAST 12 MONTHS - Population for whom poverty status is determined
HC02_MOE_VC131,60 years and over; Margin of Error; POVERTY STATUS IN THE PAST 12 MONTHS - Population for whom poverty status is determined
HC01_EST_VC132,Total; Estimate; POVERTY STATUS IN THE PAST 12 MONTHS - Below 100 percent of the poverty level
HC01_MOE_VC132,Total; Margin of Error; POVERTY STATUS IN THE PAST 12 MONTHS - Below 100 percent of the poverty level
HC02_EST_VC132,60 years and over; Estimate; POVERTY STATUS IN THE PAST 12 MONTHS - Below 100 percent of the poverty level
HC02_MOE_VC132,60 years and over; Margin of Error; POVERTY STATUS IN THE PAST 12 MONTHS - Below 100 percent of the poverty level
HC01_EST_VC133,Total; Estimate; POVERTY STATUS IN THE PAST 12 MONTHS - 100 to 149 percent of the poverty level
HC01_MOE_VC133,Total; Margin of Error; POVERTY STATUS IN THE PAST 12 MONTHS - 100 to 149 percent of the poverty level
HC02_EST_VC133,60 years and over; Estimate; POVERTY STATUS IN THE PAST 12 MONTHS - 100 to 149 percent of the poverty level
HC02_MOE_VC133,60 years and over; Margin of Error; POVERTY STATUS IN THE PAST 12 MONTHS - 100 to 149 percent of the poverty level
HC01_EST_VC134,Total; Estimate; POVERTY STATUS IN THE PAST 12 MONTHS - At or above 150 percent of the poverty level
HC01_MOE_VC134,Total; Margin of Error; POVERTY STATUS IN THE PAST 12 MONTHS - At or above 150 percent of the poverty level
HC02_EST_VC134,60 years and over; Estimate; POVERTY STATUS IN THE PAST 12 MONTHS - At or above 150 percent of the poverty level
HC02_MOE_VC134,60 years and over; Margin of Error; POVERTY STATUS IN THE PAST 12 MONTHS - At or above 150 percent of the poverty level
HC01_EST_VC136,Total; Estimate; Occupied housing units
HC01_MOE_VC136,Total; Margin of Error; Occupied housing units
HC02_EST_VC136,60 years and over; Estimate; Occupied housing units
HC02_MOE_VC136,60 years and over; Margin of Error; Occupied housing units
HC01_EST_VC138,Total; Estimate; HOUSING TENURE - Owner-occupied housing units
HC01_MOE_VC138,Total; Margin of Error; HOUSING TENURE - Owner-occupied housing units
HC02_EST_VC138,60 years and over; Estimate; HOUSING TENURE - Owner-occupied housing units
HC02_MOE_VC138,60 years and over; Margin of Error; HOUSING TENURE - Owner-occupied housing units
HC01_EST_VC139,Total; Estimate; HOUSING TENURE - Renter-occupied housing units
HC01_MOE_VC139,Total; Margin of Error; HOUSING TENURE - Renter-occupied housing units
HC02_EST_VC139,60 years and over; Estimate; HOUSING TENURE - Renter-occupied housing units
HC02_MOE_VC139,60 years and over; Margin of Error; HOUSING TENURE - Renter-occupied housing units
HC01_EST_VC141,Total; Estimate; Average household size of owner-occupied unit
HC01_MOE_VC141,Total; Margin of Error; Average household size of owner-occupied unit
HC02_EST_VC141,60 years and over; Estimate; Average household size of owner-occupied unit
HC02_MOE_VC141,60 years and over; Margin of Error; Average household size of owner-occupied unit
HC01_EST_VC142,Total; Estimate; Average household size of renter-occupied unit
HC01_MOE_VC142,Total; Margin of Error; Average household size of renter-occupied unit
HC02_EST_VC142,60 years and over; Estimate; Average household size of renter-occupied unit
HC02_MOE_VC142,60 years and over; Margin of Error; Average household size of renter-occupied unit
HC01_EST_VC145,Total; Estimate; SELECTED CHARACTERISTICS - No telephone service available
HC01_MOE_VC145,Total; Margin of Error; SELECTED CHARACTERISTICS - No telephone service available
HC02_EST_VC145,60 years and over; Estimate; SELECTED CHARACTERISTICS - No telephone service available
HC02_MOE_VC145,60 years and over; Margin of Error; SELECTED CHARACTERISTICS - No telephone service available
HC01_EST_VC146,Total; Estimate; SELECTED CHARACTERISTICS - 1.01 or more occupants per room
HC01_MOE_VC146,Total; Margin of Error; SELECTED CHARACTERISTICS - 1.01 or more occupants per room
HC02_EST_VC146,60 years and over; Estimate; SELECTED CHARACTERISTICS - 1.01 or more occupants per room
HC02_MOE_VC146,60 years and over; Margin of Error; SELECTED CHARACTERISTICS - 1.01 or more occupants per room
HC01_EST_VC148,Total; Estimate; Owner-occupied housing units
HC01_MOE_VC148,Total; Margin of Error; Owner-occupied housing units
HC02_EST_VC148,60 years and over; Estimate; Owner-occupied housing units
HC02_MOE_VC148,60 years and over; Margin of Error; Owner-occupied housing units
HC01_EST_VC150,Total; Estimate; SELECTED MONTHLY OWNER COSTS AS A PERCENTAGE OF HOUSEHOLD INCOME IN THE PAST 12 MONTHS - Less than 30 percent
HC01_MOE_VC150,Total; Margin of Error; SELECTED MONTHLY OWNER COSTS AS A PERCENTAGE OF HOUSEHOLD INCOME IN THE PAST 12 MONTHS - Less than 30 percent
HC02_EST_VC150,60 years and over; Estimate; SELECTED MONTHLY OWNER COSTS AS A PERCENTAGE OF HOUSEHOLD INCOME IN THE PAST 12 MONTHS - Less than 30 percent
HC02_MOE_VC150,60 years and over; Margin of Error; SELECTED MONTHLY OWNER COSTS AS A PERCENTAGE OF HOUSEHOLD INCOME IN THE PAST 12 MONTHS - Less than 30 percent
HC01_EST_VC151,Total; Estimate; SELECTED MONTHLY OWNER COSTS AS A PERCENTAGE OF HOUSEHOLD INCOME IN THE PAST 12 MONTHS - 30 percent or more
HC01_MOE_VC151,Total; Margin of Error; SELECTED MONTHLY OWNER COSTS AS A PERCENTAGE OF HOUSEHOLD INCOME IN THE PAST 12 MONTHS - 30 percent or more
HC02_EST_VC151,60 years and over; Estimate; SELECTED MONTHLY OWNER COSTS AS A PERCENTAGE OF HOUSEHOLD INCOME IN THE PAST 12 MONTHS - 30 percent or more
HC02_MOE_VC151,60 years and over; Margin of Error; SELECTED MONTHLY OWNER COSTS AS A PERCENTAGE OF HOUSEHOLD INCOME IN THE PAST 12 MONTHS - 30 percent or more
HC01_EST_VC154,Total; Estimate; OWNER CHARACTERISTICS - Median value (dollars)
HC01_MOE_VC154,Total; Margin of Error; OWNER CHARACTERISTICS - Median value (dollars)
HC02_EST_VC154,60 years and over; Estimate; OWNER CHARACTERISTICS - Median value (dollars)
HC02_MOE_VC154,60 years and over; Margin of Error; OWNER CHARACTERISTICS - Median value (dollars)
HC01_EST_VC155,Total; Estimate; OWNER CHARACTERISTICS - Median selected monthly owner costs with a mortgage (dollars)
HC01_MOE_VC155,Total; Margin of Error; OWNER CHARACTERISTICS - Median selected monthly owner costs with a mortgage (dollars)
HC02_EST_VC155,60 years and over; Estimate; OWNER CHARACTERISTICS - Median selected monthly owner costs with a mortgage (dollars)
HC02_MOE_VC155,60 years and over; Margin of Error; OWNER CHARACTERISTICS - Median selected monthly owner costs with a mortgage (dollars)
HC01_EST_VC156,Total; Estimate; OWNER CHARACTERISTICS - Median selected monthly owner costs without a mortgage (dollars)
HC01_MOE_VC156,Total; Margin of Error; OWNER CHARACTERISTICS - Median selected monthly owner costs without a mortgage (dollars)
HC02_EST_VC156,60 years and over; Estimate; OWNER CHARACTERISTICS - Median selected monthly owner costs without a mortgage (dollars)
HC02_MOE_VC156,60 years and over; Margin of Error; OWNER CHARACTERISTICS - Median selected monthly owner costs without a mortgage (dollars)
HC01_EST_VC158,Total; Estimate; Renter-occupied housing units
HC01_MOE_VC158,Total; Margin of Error; Renter-occupied housing units
HC02_EST_VC158,60 years and over; Estimate; Renter-occupied housing units
HC02_MOE_VC158,60 years and over; Margin of Error; Renter-occupied housing units
HC01_EST_VC160,Total; Estimate; GROSS RENT AS A PERCENTAGE OF HOUSEHOLD INCOME IN THE PAST 12 MONTHS - Less than 30 percent
HC01_MOE_VC160,Total; Margin of Error; GROSS RENT AS A PERCENTAGE OF HOUSEHOLD INCOME IN THE PAST 12 MONTHS - Less than 30 percent
HC02_EST_VC160,60 years and over; Estimate; GROSS RENT AS A PERCENTAGE OF HOUSEHOLD INCOME IN THE PAST 12 MONTHS - Less than 30 percent
HC02_MOE_VC160,60 years and over; Margin of Error; GROSS RENT AS A PERCENTAGE OF HOUSEHOLD INCOME IN THE PAST 12 MONTHS - Less than 30 percent
HC01_EST_VC161,Total; Estimate; GROSS RENT AS A PERCENTAGE OF HOUSEHOLD INCOME IN THE PAST 12 MONTHS - 30 percent or more
HC01_MOE_VC161,Total; Margin of Error; GROSS RENT AS A PERCENTAGE OF HOUSEHOLD INCOME IN THE PAST 12 MONTHS - 30 percent or more
HC02_EST_VC161,60 years and over; Estimate; GROSS RENT AS A PERCENTAGE OF HOUSEHOLD INCOME IN THE PAST 12 MONTHS - 30 percent or more
HC02_MOE_VC161,60 years and over; Margin of Error; GROSS RENT AS A PERCENTAGE OF HOUSEHOLD INCOME IN THE PAST 12 MONTHS - 30 percent or more
HC01_EST_VC164,Total; Estimate; GROSS RENT - Median gross rent (dollars)
HC01_MOE_VC164,Total; Margin of Error; GROSS RENT - Median gross rent (dollars)
HC02_EST_VC164,60 years and over; Estimate; GROSS RENT - Median gross rent (dollars)
HC02_MOE_VC164,60 years and over; Margin of Error; GROSS RENT - Median gross rent (dollars)
